,Price
2010-01-04,2547.0
2010-01-05,2547.5
2010-01-06,2691.25
2010-01-07,2579.25
2010-01-08,2493.25
2010-01-09,2518.625
2010-01-10,2518.625
2010-01-11,2544.0
2010-01-12,2446.75
2010-01-13,2460.75
2010-01-14,2474.75
2010-01-15,2442.0
2010-01-16,2448.125
2010-01-17,2448.125
2010-01-18,2454.25
2010-01-19,2418.125
2010-01-20,2418.125
2010-01-21,2382.0
2010-01-22,2331.75
2010-01-23,2312.875
2010-01-24,2312.875
2010-01-25,2294.0
2010-01-26,2298.25
2010-01-27,2215.0
2010-01-28,2137.0
2010-01-29,2090.0
2010-01-30,2109.25
2010-01-31,2109.25
2010-02-01,2128.5
2010-02-02,2143.5
2010-02-03,2078.0
2010-02-04,2006.5
2010-02-05,1921.25
2010-02-06,1962.75
2010-02-07,1962.75
2010-02-08,2004.25
2010-02-09,2086.75
2010-02-10,2099.75
2010-02-11,2183.5
2010-02-12,2167.5
2010-02-13,2179.0
2010-02-14,2179.0
2010-02-15,2190.5
2010-02-16,2241.375
2010-02-17,2241.375
2010-02-18,2292.25
2010-02-19,2347.0
2010-02-20,2310.75
2010-02-21,2310.75
2010-02-22,2274.5
2010-02-23,2201.5
2010-02-24,2184.5
2010-02-25,2095.5
2010-02-26,2174.5
2010-02-27,2186.0
2010-02-28,2186.0
2010-03-01,2197.5
2010-03-02,2232.5
2010-03-03,2297.5
2010-03-04,2235.75
2010-03-05,2325.5
2010-03-06,2335.0
2010-03-07,2335.0
2010-03-08,2344.5
2010-03-09,2349.0
2010-03-10,2349.75
2010-03-11,2313.0
2010-03-12,2307.75
2010-03-13,2279.125
2010-03-14,2279.125
2010-03-15,2250.5
2010-03-16,2283.25
2010-03-17,2283.25
2010-03-18,2316.0
2010-03-19,2277.0
2010-03-20,2267.375
2010-03-21,2267.375
2010-03-22,2257.75
2010-03-23,2220.25
2010-03-24,2190.5
2010-03-25,2224.5
2010-03-26,2207.75
2010-03-27,2258.75
2010-03-28,2258.75
2010-03-29,2309.75
2010-03-30,2356.75
2010-03-31,2351.75
2010-04-01,2379.0
2010-04-02,2400.125
2010-04-03,2400.125
2010-04-04,2400.125
2010-04-05,2400.125
2010-04-06,2421.25
2010-04-07,2372.25
2010-04-08,2351.25
2010-04-09,2385.25
2010-04-10,2389.125
2010-04-11,2389.125
2010-04-12,2393.0
2010-04-13,2357.75
2010-04-14,2429.75
2010-04-15,2477.75
2010-04-16,2390.75
2010-04-17,2372.75
2010-04-18,2372.75
2010-04-19,2354.75
2010-04-20,2374.25
2010-04-21,2374.25
2010-04-22,2393.75
2010-04-23,2380.5
2010-04-24,2398.125
2010-04-25,2398.125
2010-04-26,2415.75
2010-04-27,2335.25
2010-04-28,2304.0
2010-04-29,2242.0
2010-04-30,2259.25
2010-05-01,2189.0
2010-05-02,2189.0
2010-05-03,2189.0
2010-05-04,2118.75
2010-05-05,2097.0
2010-05-06,2085.25
2010-05-07,2063.0
2010-05-08,2086.25
2010-05-09,2086.25
2010-05-10,2109.5
2010-05-11,2040.25
2010-05-12,2070.75
2010-05-13,2130.0
2010-05-14,2025.0
2010-05-15,1946.75
2010-05-16,1946.75
2010-05-17,1868.5
2010-05-18,1860.25
2010-05-19,1860.25
2010-05-20,1852.0
2010-05-21,1870.75
2010-05-22,1889.125
2010-05-23,1889.125
2010-05-24,1907.5
2010-05-25,1831.25
2010-05-26,1865.0
2010-05-27,1914.0
2010-05-28,1909.5
2010-05-29,1867.0
2010-05-30,1867.0
2010-05-31,1867.0
2010-06-01,1824.5
2010-06-02,1773.25
2010-06-03,1716.0
2010-06-04,1612.25
2010-06-05,1605.125
2010-06-06,1605.125
2010-06-07,1598.0
2010-06-08,1704.0
2010-06-09,1723.75
2010-06-10,1690.0
2010-06-11,1709.5
2010-06-12,1737.0
2010-06-13,1737.0
2010-06-14,1764.5
2010-06-15,1754.125
2010-06-16,1754.125
2010-06-17,1743.75
2010-06-18,1708.5
2010-06-19,1730.375
2010-06-20,1730.375
2010-06-21,1752.25
2010-06-22,1770.75
2010-06-23,1806.0
2010-06-24,1851.5
2010-06-25,1850.5
2010-06-26,1853.375
2010-06-27,1853.375
2010-06-28,1856.25
2010-06-29,1717.75
2010-06-30,1767.0
2010-07-01,1714.5
2010-07-02,1754.75
2010-07-03,1767.625
2010-07-04,1767.625
2010-07-05,1780.5
2010-07-06,1823.25
2010-07-07,1826.5
2010-07-08,1828.75
2010-07-09,1878.0
2010-07-10,1854.25
2010-07-11,1854.25
2010-07-12,1830.5
2010-07-13,1841.0
2010-07-14,1826.0
2010-07-15,1783.0
2010-07-16,1770.75
2010-07-17,1776.125
2010-07-18,1776.125
2010-07-19,1781.5
2010-07-20,1856.25
2010-07-21,1856.25
2010-07-22,1931.0
2010-07-23,1887.9
2010-07-24,1911.325
2010-07-25,1911.325
2010-07-26,1934.75
2010-07-27,1889.25
2010-07-28,1934.25
2010-07-29,1969.0
2010-07-30,2004.5
2010-07-31,2052.375
2010-08-01,2052.375
2010-08-02,2100.25
2010-08-03,2061.75
2010-08-04,2096.5
2010-08-05,2072.5
2010-08-06,2103.75
2010-08-07,2113.25
2010-08-08,2113.25
2010-08-09,2122.75
2010-08-10,2057.0
2010-08-11,2008.25
2010-08-12,2028.0
2010-08-13,2018.75
2010-08-14,2030.875
2010-08-15,2030.875
2010-08-16,2043.0
2010-08-17,2056.75
2010-08-18,2056.75
2010-08-19,2070.5
2010-08-20,2038.5
2010-08-21,2030.75
2010-08-22,2030.75
2010-08-23,2023.0
2010-08-24,1968.25
2010-08-25,1940.25
2010-08-26,2026.25
2010-08-27,2071.25
2010-08-28,2055.625
2010-08-29,2055.625
2010-08-30,2055.625
2010-08-31,2040.0
2010-09-01,2108.25
2010-09-02,2148.5
2010-09-03,2125.25
2010-09-04,2147.375
2010-09-05,2147.375
2010-09-06,2169.5
2010-09-07,2162.5
2010-09-08,2191.75
2010-09-09,2125.5
2010-09-10,2082.75
2010-09-11,2101.875
2010-09-12,2101.875
2010-09-13,2121.0
2010-09-14,2126.375
2010-09-15,2126.375
2010-09-16,2131.75
2010-09-17,2134.5
2010-09-18,2147.875
2010-09-19,2147.875
2010-09-20,2161.25
2010-09-21,2122.75
2010-09-22,2171.0
2010-09-23,2229.75
2010-09-24,2227.0
2010-09-25,2206.25
2010-09-26,2206.25
2010-09-27,2185.5
2010-09-28,2197.5
2010-09-29,2202.75
2010-09-30,2172.5
2010-10-01,2206.5
2010-10-02,2205.625
2010-10-03,2205.625
2010-10-04,2204.75
2010-10-05,2287.0
2010-10-06,2308.5
2010-10-07,2235.5
2010-10-08,2264.75
2010-10-09,2284.5
2010-10-10,2284.5
2010-10-11,2304.25
2010-10-12,2344.0
2010-10-13,2383.25
2010-10-14,2386.75
2010-10-15,2395.25
2010-10-16,2395.375
2010-10-17,2395.375
2010-10-18,2395.5
2010-10-19,2424.0
2010-10-20,2424.0
2010-10-21,2452.5
2010-10-22,2491.5
2010-10-23,2517.375
2010-10-24,2517.375
2010-10-25,2543.25
2010-10-26,2593.25
2010-10-27,2488.75
2010-10-28,2471.5
2010-10-29,2400.75
2010-10-30,2413.125
2010-10-31,2413.125
2010-11-01,2425.5
2010-11-02,2429.25
2010-11-03,2381.5
2010-11-04,2488.75
2010-11-05,2504.5
2010-11-06,2479.375
2010-11-07,2479.375
2010-11-08,2454.25
2010-11-09,2555.25
2010-11-10,2500.75
2010-11-11,2519.25
2010-11-12,2372.25
2010-11-13,2343.75
2010-11-14,2343.75
2010-11-15,2315.25
2010-11-16,2243.625
2010-11-17,2243.625
2010-11-18,2172.0
2010-11-19,2146.25
2010-11-20,2135.25
2010-11-21,2135.25
2010-11-22,2124.25
2010-11-23,2073.0
2010-11-24,2110.75
2010-11-25,2192.0
2010-11-26,2097.0
2010-11-27,2086.0
2010-11-28,2086.0
2010-11-29,2075.0
2010-11-30,2107.75
2010-12-01,2150.25
2010-12-02,2254.25
2010-12-03,2210.0
2010-12-04,2210.75
2010-12-05,2210.75
2010-12-06,2211.5
2010-12-07,2299.5
2010-12-08,2302.25
2010-12-09,2293.5
2010-12-10,2273.75
2010-12-11,2294.625
2010-12-12,2294.625
2010-12-13,2315.5
2010-12-14,2263.0
2010-12-15,2263.0
2010-12-16,2210.5
2010-12-17,2266.0
2010-12-18,2272.125
2010-12-19,2272.125
2010-12-20,2278.25
2010-12-21,2320.5
2010-12-22,2321.0
2010-12-23,2288.75
2010-12-24,2298.75
2010-12-25,2344.25
2010-12-26,2344.25
2010-12-27,2344.25
2010-12-28,2344.25
2010-12-29,2389.75
2010-12-30,2401.25
2010-12-31,2446.5
2011-01-01,2454.5
2011-01-02,2454.5
2011-01-03,2454.5
2011-01-04,2462.5
2011-01-05,2459.25
2011-01-06,2449.75
2011-01-07,2439.0
2011-01-08,2405.375
2011-01-09,2405.375
2011-01-10,2371.75
2011-01-11,2396.25
2011-01-12,2470.0
2011-01-13,2452.0
2011-01-14,2445.25
2011-01-15,2442.5
2011-01-16,2442.5
2011-01-17,2439.75
2011-01-18,2379.375
2011-01-19,2379.375
2011-01-20,2319.0
2011-01-21,2306.5
2011-01-22,2297.75
2011-01-23,2297.75
2011-01-24,2289.0
2011-01-25,2208.25
2011-01-26,2266.5
2011-01-27,2247.5
2011-01-28,2341.5
2011-01-29,2377.25
2011-01-30,2377.25
2011-01-31,2413.0
2011-02-01,2456.0
2011-02-02,2458.0
2011-02-03,2455.0
2011-02-04,2489.0
2011-02-05,2490.25
2011-02-06,2490.25
2011-02-07,2491.5
2011-02-08,2493.75
2011-02-09,2439.75
2011-02-10,2430.25
2011-02-11,2445.0
2011-02-12,2472.5
2011-02-13,2472.5
2011-02-14,2500.0
2011-02-15,2496.625
2011-02-16,2496.625
2011-02-17,2493.25
2011-02-18,2534.5
2011-02-19,2555.625
2011-02-20,2555.625
2011-02-21,2576.75
2011-02-22,2468.75
2011-02-23,2474.0
2011-02-24,2452.0
2011-02-25,2470.75
2011-02-26,2484.875
2011-02-27,2484.875
2011-02-28,2499.0
2011-03-01,2493.0
2011-03-02,2457.0
2011-03-03,2489.5
2011-03-04,2438.0
2011-03-05,2391.25
2011-03-06,2391.25
2011-03-07,2344.5
2011-03-08,2368.25
2011-03-09,2246.75
2011-03-10,2264.5
2011-03-11,2252.75
2011-03-12,2277.25
2011-03-13,2277.25
2011-03-14,2301.75
2011-03-15,2312.25
2011-03-16,2312.25
2011-03-17,2322.75
2011-03-18,2315.75
2011-03-19,2292.875
2011-03-20,2292.875
2011-03-21,2270.0
2011-03-22,2320.25
2011-03-23,2414.0
2011-03-24,2410.5
2011-03-25,2366.5
2011-03-26,2346.75
2011-03-27,2346.75
2011-03-28,2327.0
2011-03-29,2363.25
2011-03-30,2326.0
2011-03-31,2351.25
2011-04-01,2383.5
2011-04-02,2393.5
2011-04-03,2393.5
2011-04-04,2403.5
2011-04-05,2407.0
2011-04-06,2431.0
2011-04-07,2433.5
2011-04-08,2514.75
2011-04-09,2520.25
2011-04-10,2520.25
2011-04-11,2525.75
2011-04-12,2449.0
2011-04-13,2401.25
2011-04-14,2379.25
2011-04-15,2380.25
2011-04-16,2344.0
2011-04-17,2344.0
2011-04-18,2307.75
2011-04-19,2327.625
2011-04-20,2327.625
2011-04-21,2347.5
2011-04-22,2297.375
2011-04-23,2297.375
2011-04-24,2297.375
2011-04-25,2297.375
2011-04-26,2247.25
2011-04-27,2227.0
2011-04-28,2238.5
2011-04-29,2235.0
2011-04-30,2235.0
2011-05-01,2235.0
2011-05-02,2235.0
2011-05-03,2231.5
2011-05-04,2175.75
2011-05-05,2109.25
2011-05-06,2124.25
2011-05-07,2136.875
2011-05-08,2136.875
2011-05-09,2149.5
2011-05-10,2158.25
2011-05-11,2145.0
2011-05-12,2128.5
2011-05-13,2134.75
2011-05-14,2134.875
2011-05-15,2134.875
2011-05-16,2135.0
2011-05-17,2127.625
2011-05-18,2127.625
2011-05-19,2120.25
2011-05-20,2136.25
2011-05-21,2119.75
2011-05-22,2119.75
2011-05-23,2103.25
2011-05-24,2175.75
2011-05-25,2231.0
2011-05-26,2244.5
2011-05-27,2258.75
2011-05-28,2254.125
2011-05-29,2254.125
2011-05-30,2254.125
2011-05-31,2249.5
2011-06-01,2241.0
2011-06-02,2203.0
2011-06-03,2241.25
2011-06-04,2247.75
2011-06-05,2247.75
2011-06-06,2254.25
2011-06-07,2252.0
2011-06-08,2273.0
2011-06-09,2265.75
2011-06-10,2235.5
2011-06-11,2231.25
2011-06-12,2231.25
2011-06-13,2227.0
2011-06-14,2209.375
2011-06-15,2209.375
2011-06-16,2191.75
2011-06-17,2174.0
2011-06-18,2165.25
2011-06-19,2165.25
2011-06-20,2156.5
2011-06-21,2195.75
2011-06-22,2236.5
2011-06-23,2244.0
2011-06-24,2239.0
2011-06-25,2238.25
2011-06-26,2238.25
2011-06-27,2237.5
2011-06-28,2262.75
2011-06-29,2301.75
2011-06-30,2348.0
2011-07-01,2348.0
2011-07-02,2363.625
2011-07-03,2363.625
2011-07-04,2379.25
2011-07-05,2390.0
2011-07-06,2359.0
2011-07-07,2390.0
2011-07-08,2333.25
2011-07-09,2309.75
2011-07-10,2309.75
2011-07-11,2286.25
2011-07-12,2322.5
2011-07-13,2334.25
2011-07-14,2322.5
2011-07-15,2349.75
2011-07-16,2376.25
2011-07-17,2376.25
2011-07-18,2402.75
2011-07-19,2416.875
2011-07-20,2416.875
2011-07-21,2431.0
2011-07-22,2476.0
2011-07-23,2462.75
2011-07-24,2462.75
2011-07-25,2449.5
2011-07-26,2510.5
2011-07-27,2502.25
2011-07-28,2501.0
2011-07-29,2471.5
2011-07-30,2456.375
2011-07-31,2456.375
2011-08-01,2441.25
2011-08-02,2420.0
2011-08-03,2355.5
2011-08-04,2307.0
2011-08-05,2176.75
2011-08-06,2120.75
2011-08-07,2120.75
2011-08-08,2064.75
2011-08-09,2074.25
2011-08-10,2073.75
2011-08-11,2157.75
2011-08-12,2148.75
2011-08-13,2151.5
2011-08-14,2151.5
2011-08-15,2154.25
2011-08-16,2158.125
2011-08-17,2158.125
2011-08-18,2162.0
2011-08-19,2177.0
2011-08-20,2156.375
2011-08-21,2156.375
2011-08-22,2135.75
2011-08-23,2173.0
2011-08-24,2160.25
2011-08-25,2211.0
2011-08-26,2229.5
2011-08-27,2247.75
2011-08-28,2247.75
2011-08-29,2247.75
2011-08-30,2266.0
2011-08-31,2272.25
2011-09-01,2218.75
2011-09-02,2176.25
2011-09-03,2165.0
2011-09-04,2165.0
2011-09-05,2153.75
2011-09-06,2170.25
2011-09-07,2222.75
2011-09-08,2234.25
2011-09-09,2170.25
2011-09-10,2183.0
2011-09-11,2183.0
2011-09-12,2195.75
2011-09-13,2175.25
2011-09-14,2142.0
2011-09-15,2169.5
2011-09-16,2138.0
2011-09-17,2107.5
2011-09-18,2107.5
2011-09-19,2077.0
2011-09-20,2035.875
2011-09-21,2035.875
2011-09-22,1994.75
2011-09-23,1896.0
2011-09-24,1881.25
2011-09-25,1881.25
2011-09-26,1866.5
2011-09-27,1957.5
2011-09-28,1926.25
2011-09-29,1909.5
2011-09-30,1843.25
2011-10-01,1859.0
2011-10-02,1859.0
2011-10-03,1874.75
2011-10-04,1841.5
2011-10-05,1827.0
2011-10-06,1849.25
2011-10-07,1902.25
2011-10-08,1917.0
2011-10-09,1917.0
2011-10-10,1931.75
2011-10-11,1893.25
2011-10-12,1926.75
2011-10-13,1904.75
2011-10-14,1912.5
2011-10-15,1898.875
2011-10-16,1898.875
2011-10-17,1885.25
2011-10-18,1806.125
2011-10-19,1806.125
2011-10-20,1727.0
2011-10-21,1792.5
2011-10-22,1827.375
2011-10-23,1827.375
2011-10-24,1862.25
2011-10-25,1827.25
2011-10-26,1840.25
2011-10-27,1930.75
2011-10-28,1973.0
2011-10-29,1981.0
2011-10-30,1981.0
2011-10-31,1989.0
2011-11-01,1903.0
2011-11-02,1922.5
2011-11-03,1964.75
2011-11-04,1945.25
2011-11-05,1945.5
2011-11-06,1945.5
2011-11-07,1945.75
2011-11-08,1995.0
2011-11-09,1926.5
2011-11-10,1882.25
2011-11-11,1914.5
2011-11-12,1925.125
2011-11-13,1925.125
2011-11-14,1935.75
2011-11-15,1929.875
2011-11-16,1929.875
2011-11-17,1924.0
2011-11-18,1963.5
2011-11-19,1938.875
2011-11-20,1938.875
2011-11-21,1914.25
2011-11-22,1944.5
2011-11-23,1922.0
2011-11-24,1891.75
2011-11-25,1913.25
2011-11-26,1936.625
2011-11-27,1936.625
2011-11-28,1960.0
2011-11-29,1961.0
2011-11-30,2078.5
2011-12-01,2053.0
2011-12-02,2059.75
2011-12-03,2049.375
2011-12-04,2049.375
2011-12-05,2039.0
2011-12-06,2043.5
2011-12-07,2022.75
2011-12-08,1977.5
2011-12-09,1997.75
2011-12-10,1963.125
2011-12-11,1963.125
2011-12-12,1928.5
2011-12-13,1912.0
2011-12-14,1852.5
2011-12-15,1847.75
2011-12-16,1867.75
2011-12-17,1850.375
2011-12-18,1850.375
2011-12-19,1833.0
2011-12-20,1834.75
2011-12-21,1834.75
2011-12-22,1836.5
2011-12-23,1841.5
2011-12-24,1818.25
2011-12-25,1818.25
2011-12-26,1818.25
2011-12-27,1818.25
2011-12-28,1795.0
2011-12-29,1817.25
2011-12-30,1830.75
2011-12-31,1847.5
2012-01-01,1847.5
2012-01-02,1847.5
2012-01-03,1864.25
2012-01-04,1856.5
2012-01-05,1821.25
2012-01-06,1840.75
2012-01-07,1855.5
2012-01-08,1855.5
2012-01-09,1870.25
2012-01-10,1922.75
2012-01-11,1928.75
2012-01-12,1960.0
2012-01-13,1954.0
2012-01-14,1955.875
2012-01-15,1955.875
2012-01-16,1957.75
2012-01-17,1988.875
2012-01-18,1988.875
2012-01-19,2020.0
2012-01-20,2002.5
2012-01-21,2026.25
2012-01-22,2026.25
2012-01-23,2050.0
2012-01-24,2115.75
2012-01-25,2166.5
2012-01-26,2196.0
2012-01-27,2139.0
2012-01-28,2125.875
2012-01-29,2125.875
2012-01-30,2112.75
2012-01-31,2092.75
2012-02-01,2117.25
2012-02-02,2081.5
2012-02-03,2141.25
2012-02-04,2129.0
2012-02-05,2129.0
2012-02-06,2116.75
2012-02-07,2107.0
2012-02-08,2102.5
2012-02-09,2149.0
2012-02-10,2065.5
2012-02-11,2062.125
2012-02-12,2062.125
2012-02-13,2058.75
2012-02-14,2012.125
2012-02-15,2012.125
2012-02-16,1965.5
2012-02-17,1932.25
2012-02-18,1950.0
2012-02-19,1950.0
2012-02-20,1967.75
2012-02-21,2014.0
2012-02-22,2054.5
2012-02-23,2037.0
2012-02-24,2074.0
2012-02-25,2082.5
2012-02-26,2082.5
2012-02-27,2091.0
2012-02-28,2115.5
2012-02-29,2098.5
2012-03-01,2088.5
2012-03-02,2103.25
2012-03-03,2086.0
2012-03-04,2086.0
2012-03-05,2068.75
2012-03-06,1995.75
2012-03-07,1998.0
2012-03-08,2034.0
2012-03-09,2057.0
2012-03-10,2067.875
2012-03-11,2067.875
2012-03-12,2078.75
2012-03-13,2097.25
2012-03-14,2061.75
2012-03-15,2082.0
2012-03-16,2070.0
2012-03-17,2070.25
2012-03-18,2070.25
2012-03-19,2070.5
2012-03-20,2022.5
2012-03-21,2022.5
2012-03-22,1974.5
2012-03-23,1994.25
2012-03-24,2002.5
2012-03-25,2002.5
2012-03-26,2010.75
2012-03-27,2027.0
2012-03-28,1992.5
2012-03-29,2000.25
2012-03-30,1994.25
2012-03-31,1998.75
2012-04-01,1998.75
2012-04-02,2003.25
2012-04-03,2024.5
2012-04-04,1977.5
2012-04-05,2001.5
2012-04-06,1997.5
2012-04-07,1997.5
2012-04-08,1997.5
2012-04-09,1997.5
2012-04-10,1993.5
2012-04-11,2001.5
2012-04-12,2045.5
2012-04-13,1987.0
2012-04-14,1992.0
2012-04-15,1992.0
2012-04-16,1997.0
2012-04-17,1993.625
2012-04-18,1993.625
2012-04-19,1990.25
2012-04-20,2017.5
2012-04-21,1997.5
2012-04-22,1997.5
2012-04-23,1977.5
2012-04-24,1989.25
2012-04-25,1994.75
2012-04-26,2030.0
2012-04-27,2033.0
2012-04-28,2044.25
2012-04-29,2044.25
2012-04-30,2055.5
2012-05-01,2047.5
2012-05-02,2013.0
2012-05-03,1980.0
2012-05-04,1994.0
2012-05-05,1983.625
2012-05-06,1983.625
2012-05-07,1983.625
2012-05-08,1973.25
2012-05-09,1938.5
2012-05-10,1966.25
2012-05-11,1950.5
2012-05-12,1935.75
2012-05-13,1935.75
2012-05-14,1921.0
2012-05-15,1908.25
2012-05-16,1908.25
2012-05-17,1895.5
2012-05-18,1890.5
2012-05-19,1895.875
2012-05-20,1895.875
2012-05-21,1901.25
2012-05-22,1907.5
2012-05-23,1874.0
2012-05-24,1882.75
2012-05-25,1907.75
2012-05-26,1908.0
2012-05-27,1908.0
2012-05-28,1908.25
2012-05-29,1916.0
2012-05-30,1892.25
2012-05-31,1869.5
2012-06-01,1889.25
2012-06-02,1882.25
2012-06-03,1882.25
2012-06-04,1882.25
2012-06-05,1882.25
2012-06-06,1875.25
2012-06-07,1906.75
2012-06-08,1866.5
2012-06-09,1878.5
2012-06-10,1878.5
2012-06-11,1890.5
2012-06-12,1879.0
2012-06-13,1884.5
2012-06-14,1902.0
2012-06-15,1914.0
2012-06-16,1899.5
2012-06-17,1899.5
2012-06-18,1885.0
2012-06-19,1852.25
2012-06-20,1852.25
2012-06-21,1819.5
2012-06-22,1796.0
2012-06-23,1800.375
2012-06-24,1800.375
2012-06-25,1804.75
2012-06-26,1778.75
2012-06-27,1759.0
2012-06-28,1797.0
2012-06-29,1881.5
2012-06-30,1878.25
2012-07-01,1878.25
2012-07-02,1875.0
2012-07-03,1904.0
2012-07-04,1894.5
2012-07-05,1849.5
2012-07-06,1841.0
2012-07-07,1845.375
2012-07-08,1845.375
2012-07-09,1849.75
2012-07-10,1827.25
2012-07-11,1852.5
2012-07-12,1847.5
2012-07-13,1872.5
2012-07-14,1878.75
2012-07-15,1878.75
2012-07-16,1885.0
2012-07-17,1870.0
2012-07-18,1867.5
2012-07-19,1887.25
2012-07-20,1838.5
2012-07-21,1825.0
2012-07-22,1825.0
2012-07-23,1811.5
2012-07-24,1792.0
2012-07-25,1796.0
2012-07-26,1810.5
2012-07-27,1853.5
2012-07-28,1854.5
2012-07-29,1854.5
2012-07-30,1855.5
2012-07-31,1834.5
2012-08-01,1814.25
2012-08-02,1803.25
2012-08-03,1831.0
2012-08-04,1835.375
2012-08-05,1835.375
2012-08-06,1839.75
2012-08-07,1863.75
2012-08-08,1859.25
2012-08-09,1847.75
2012-08-10,1819.5
2012-08-11,1809.125
2012-08-12,1809.125
2012-08-13,1798.75
2012-08-14,1822.25
2012-08-15,1805.0
2012-08-16,1769.5
2012-08-17,1781.25
2012-08-18,1780.375
2012-08-19,1780.375
2012-08-20,1779.5
2012-08-21,1794.75
2012-08-22,1822.5
2012-08-23,1849.0
2012-08-24,1865.75
2012-08-25,1861.125
2012-08-26,1861.125
2012-08-27,1861.125
2012-08-28,1856.5
2012-08-29,1838.0
2012-08-30,1814.25
2012-08-31,1820.75
2012-09-01,1837.625
2012-09-02,1837.625
2012-09-03,1854.5
2012-09-04,1857.75
2012-09-05,1871.25
2012-09-06,1890.25
2012-09-07,1949.0
2012-09-08,1970.75
2012-09-09,1970.75
2012-09-10,1992.5
2012-09-11,1994.0
2012-09-12,1989.25
2012-09-13,2005.0
2012-09-14,2086.0
2012-09-15,2071.375
2012-09-16,2071.375
2012-09-17,2056.75
2012-09-18,2099.0
2012-09-19,2121.0
2012-09-20,2094.5
2012-09-21,2096.75
2012-09-22,2089.625
2012-09-23,2089.625
2012-09-24,2082.5
2012-09-25,2115.0
2012-09-26,2048.0
2012-09-27,2061.0
2012-09-28,2071.5
2012-09-29,2076.25
2012-09-30,2076.25
2012-10-01,2081.0
2012-10-02,2069.75
2012-10-03,2055.75
2012-10-04,2035.5
2012-10-05,2046.25
2012-10-06,2023.5
2012-10-07,2023.5
2012-10-08,2000.75
2012-10-09,1971.75
2012-10-10,1938.0
2012-10-11,1929.75
2012-10-12,1897.5
2012-10-13,1886.375
2012-10-14,1886.375
2012-10-15,1875.25
2012-10-16,1906.5
2012-10-17,1923.5
2012-10-18,1895.5
2012-10-19,1859.25
2012-10-20,1843.625
2012-10-21,1843.625
2012-10-22,1828.0
2012-10-23,1818.75
2012-10-24,1827.0
2012-10-25,1807.5
2012-10-26,1805.5
2012-10-27,1799.875
2012-10-28,1799.875
2012-10-29,1794.25
2012-10-30,1825.25
2012-10-31,1838.5
2012-11-01,1857.25
2012-11-02,1843.0
2012-11-03,1839.75
2012-11-04,1839.75
2012-11-05,1836.5
2012-11-06,1868.75
2012-11-07,1867.75
2012-11-08,1902.5
2012-11-09,1866.0
2012-11-10,1887.5
2012-11-11,1887.5
2012-11-12,1909.0
2012-11-13,1912.75
2012-11-14,1927.25
2012-11-15,1930.0
2012-11-16,1892.75
2012-11-17,1903.5
2012-11-18,1903.5
2012-11-19,1914.25
2012-11-20,1925.25
2012-11-21,1925.0
2012-11-22,1912.75
2012-11-23,1951.75
2012-11-24,1962.625
2012-11-25,1962.625
2012-11-26,1973.5
2012-11-27,1981.25
2012-11-28,1976.5
2012-11-29,2020.0
2012-11-30,2035.75
2012-12-01,2031.5
2012-12-02,2031.5
2012-12-03,2027.25
2012-12-04,2007.75
2012-12-05,2010.25
2012-12-06,2004.25
2012-12-07,2008.0
2012-12-08,2034.375
2012-12-09,2034.375
2012-12-10,2060.75
2012-12-11,2057.25
2012-12-12,2072.75
2012-12-13,2050.75
2012-12-14,2065.0
2012-12-15,2061.125
2012-12-16,2061.125
2012-12-17,2057.25
2012-12-18,2086.0
2012-12-19,2080.0
2012-12-20,2047.0
2012-12-21,2060.0
2012-12-22,2052.875
2012-12-23,2052.875
2012-12-24,2045.75
2012-12-25,2062.875
2012-12-26,2062.875
2012-12-27,2080.0
2012-12-28,2027.5
2012-12-29,2041.0
2012-12-30,2041.0
2012-12-31,2054.5
2013-01-01,2084.0
2013-01-02,2113.5
2013-01-03,2061.25
2013-01-04,2010.75
2013-01-05,1999.25
2013-01-06,1999.25
2013-01-07,1987.75
2013-01-08,1989.0
2013-01-09,1988.0
2013-01-10,2014.75
2013-01-11,1991.5
2013-01-12,1981.75
2013-01-13,1981.75
2013-01-14,1972.0
2013-01-15,1995.0
2013-01-16,1987.0
2013-01-17,2001.75
2013-01-18,2029.75
2013-01-19,2028.75
2013-01-20,2028.75
2013-01-21,2027.75
2013-01-22,2047.5
2013-01-23,2078.0
2013-01-24,2084.25
2013-01-25,2076.5
2013-01-26,2073.5
2013-01-27,2073.5
2013-01-28,2070.5
2013-01-29,2081.75
2013-01-30,2143.0
2013-01-31,2132.5
2013-02-01,2162.5
2013-02-02,2164.875
2013-02-03,2164.875
2013-02-04,2167.25
2013-02-05,2155.75
2013-02-06,2148.0
2013-02-07,2143.25
2013-02-08,2185.25
2013-02-09,2177.875
2013-02-10,2177.875
2013-02-11,2170.5
2013-02-12,2187.75
2013-02-13,2171.5
2013-02-14,2163.75
2013-02-15,2147.0
2013-02-16,2137.5
2013-02-17,2137.5
2013-02-18,2128.0
2013-02-19,2151.0
2013-02-20,2136.0
2013-02-21,2095.0
2013-02-22,2072.25
2013-02-23,2073.75
2013-02-24,2073.75
2013-02-25,2075.25
2013-02-26,2086.0
2013-02-27,2065.5
2013-02-28,2046.25
2013-03-01,1998.5
2013-03-02,1987.375
2013-03-03,1987.375
2013-03-04,1976.25
2013-03-05,1980.5
2013-03-06,1950.0
2013-03-07,1961.75
2013-03-08,1947.0
2013-03-09,1938.75
2013-03-10,1938.75
2013-03-11,1930.5
2013-03-12,1954.75
2013-03-13,1948.75
2013-03-14,1940.75
2013-03-15,1918.5
2013-03-16,1901.375
2013-03-17,1901.375
2013-03-18,1884.25
2013-03-19,1919.25
2013-03-20,1935.0
2013-03-21,1916.0
2013-03-22,1933.5
2013-03-23,1929.125
2013-03-24,1929.125
2013-03-25,1924.75
2013-03-26,1882.0
2013-03-27,1885.0
2013-03-28,1871.25
2013-03-29,1847.625
2013-03-30,1847.625
2013-03-31,1847.625
2013-04-01,1847.625
2013-04-02,1824.0
2013-04-03,1827.5
2013-04-04,1859.5
2013-04-05,1854.75
2013-04-06,1858.5
2013-04-07,1858.5
2013-04-08,1862.25
2013-04-09,1890.0
2013-04-10,1877.75
2013-04-11,1879.0
2013-04-12,1840.0
2013-04-13,1836.375
2013-04-14,1836.375
2013-04-15,1832.75
2013-04-16,1903.0
2013-04-17,1870.5
2013-04-18,1865.75
2013-04-19,1861.75
2013-04-20,1858.5
2013-04-21,1858.5
2013-04-22,1855.25
2013-04-23,1852.75
2013-04-24,1893.5
2013-04-25,1910.5
2013-04-26,1869.0
2013-04-27,1873.375
2013-04-28,1873.375
2013-04-29,1877.75
2013-04-30,1840.25
2013-05-01,1811.25
2013-05-02,1788.75
2013-05-03,1856.0
2013-05-04,1848.375
2013-05-05,1848.375
2013-05-06,1848.375
2013-05-07,1840.75
2013-05-08,1863.25
2013-05-09,1840.75
2013-05-10,1828.0
2013-05-11,1829.25
2013-05-12,1829.25
2013-05-13,1830.5
2013-05-14,1844.0
2013-05-15,1831.25
2013-05-16,1811.25
2013-05-17,1818.5
2013-05-18,1825.5
2013-05-19,1825.5
2013-05-20,1832.5
2013-05-21,1829.25
2013-05-22,1858.75
2013-05-23,1834.25
2013-05-24,1831.25
2013-05-25,1837.375
2013-05-26,1837.375
2013-05-27,1837.375
2013-05-28,1843.5
2013-05-29,1857.75
2013-05-30,1889.5
2013-05-31,1901.0
2013-06-01,1913.5
2013-06-02,1913.5
2013-06-03,1926.0
2013-06-04,1937.75
2013-06-05,1936.0
2013-06-06,1902.25
2013-06-07,1873.0
2013-06-08,1864.875
2013-06-09,1864.875
2013-06-10,1856.75
2013-06-11,1819.75
2013-06-12,1830.75
2013-06-13,1804.0
2013-06-14,1823.75
2013-06-15,1822.625
2013-06-16,1822.625
2013-06-17,1821.5
2013-06-18,1857.0
2013-06-19,1862.25
2013-06-20,1804.0
2013-06-21,1818.0
2013-06-22,1808.25
2013-06-23,1808.25
2013-06-24,1798.5
2013-06-25,1823.5
2013-06-26,1812.5
2013-06-27,1825.0
2013-06-28,1828.0
2013-06-29,1846.5
2013-06-30,1846.5
2013-07-01,1865.0
2013-07-02,1870.0
2013-07-03,1837.0
2013-07-04,1836.0
2013-07-05,1812.5
2013-07-06,1831.0
2013-07-07,1831.0
2013-07-08,1849.5
2013-07-09,1836.75
2013-07-10,1867.0
2013-07-11,1868.0
2013-07-12,1869.25
2013-07-13,1862.625
2013-07-14,1862.625
2013-07-15,1856.0
2013-07-16,1890.5
2013-07-17,1860.25
2013-07-18,1835.25
2013-07-19,1843.0
2013-07-20,1848.875
2013-07-21,1848.875
2013-07-22,1854.75
2013-07-23,1864.25
2013-07-24,1862.5
2013-07-25,1853.75
2013-07-26,1830.75
2013-07-27,1824.625
2013-07-28,1824.625
2013-07-29,1818.5
2013-07-30,1807.0
2013-07-31,1813.0
2013-08-01,1824.5
2013-08-02,1835.25
2013-08-03,1836.625
2013-08-04,1836.625
2013-08-05,1838.0
2013-08-06,1825.5
2013-08-07,1814.75
2013-08-08,1861.75
2013-08-09,1911.0
2013-08-10,1909.5
2013-08-11,1909.5
2013-08-12,1908.0
2013-08-13,1907.75
2013-08-14,1917.75
2013-08-15,1922.0
2013-08-16,1969.75
2013-08-17,1959.125
2013-08-18,1959.125
2013-08-19,1948.5
2013-08-20,1985.5
2013-08-21,1966.25
2013-08-22,1947.0
2013-08-23,1960.25
2013-08-24,1957.875
2013-08-25,1957.875
2013-08-26,1957.875
2013-08-27,1955.5
2013-08-28,1929.5
2013-08-29,1905.75
2013-08-30,1876.0
2013-08-31,1876.5
2013-09-01,1876.5
2013-09-02,1877.0
2013-09-03,1877.0
2013-09-04,1841.0
2013-09-05,1835.75
2013-09-06,1859.25
2013-09-07,1854.375
2013-09-08,1854.375
2013-09-09,1849.5
2013-09-10,1837.75
2013-09-11,1836.75
2013-09-12,1840.25
2013-09-13,1831.75
2013-09-14,1829.625
2013-09-15,1829.625
2013-09-16,1827.5
2013-09-17,1862.25
2013-09-18,1878.0
2013-09-19,1879.25
2013-09-20,1844.5
2013-09-21,1855.5
2013-09-22,1855.5
2013-09-23,1866.5
2013-09-24,1846.25
2013-09-25,1857.75
2013-09-26,1869.0
2013-09-27,1878.0
2013-09-28,1883.0
2013-09-29,1883.0
2013-09-30,1888.0
2013-10-01,1845.75
2013-10-02,1856.75
2013-10-03,1834.25
2013-10-04,1838.75
2013-10-05,1839.0
2013-10-06,1839.0
2013-10-07,1839.25
2013-10-08,1847.75
2013-10-09,1849.75
2013-10-10,1858.0
2013-10-11,1880.25
2013-10-12,1884.5
2013-10-13,1884.5
2013-10-14,1888.75
2013-10-15,1928.5
2013-10-16,1928.0
2013-10-17,1908.0
2013-10-18,1911.25
2013-10-19,1914.875
2013-10-20,1914.875
2013-10-21,1918.5
2013-10-22,1941.5
2013-10-23,1909.0
2013-10-24,1911.5
2013-10-25,1931.0
2013-10-26,1936.875
2013-10-27,1936.875
2013-10-28,1942.75
2013-10-29,1943.0
2013-10-30,1944.0
2013-10-31,1927.0
2013-11-01,1913.75
2013-11-02,1904.375
2013-11-03,1904.375
2013-11-04,1895.0
2013-11-05,1892.75
2013-11-06,1882.0
2013-11-07,1871.5
2013-11-08,1873.75
2013-11-09,1868.125
2013-11-10,1868.125
2013-11-11,1862.5
2013-11-12,1852.0
2013-11-13,1852.75
2013-11-14,1856.0
2013-11-15,1869.0
2013-11-16,1861.5
2013-11-17,1861.5
2013-11-18,1854.0
2013-11-19,1893.0
2013-11-20,1891.5
2013-11-21,1869.75
2013-11-22,1890.0
2013-11-23,1885.625
2013-11-24,1885.625
2013-11-25,1881.25
2013-11-26,1862.75
2013-11-27,1848.25
2013-11-28,1845.25
2013-11-29,1865.0
2013-11-30,1860.0
2013-12-01,1860.0
2013-12-02,1855.0
2013-12-03,1852.0
2013-12-04,1872.75
2013-12-05,1875.75
2013-12-06,1886.75
2013-12-07,1899.375
2013-12-08,1899.375
2013-12-09,1912.0
2013-12-10,1945.75
2013-12-11,1964.5
2013-12-12,1956.25
2013-12-13,1974.75
2013-12-14,1981.25
2013-12-15,1981.25
2013-12-16,1987.75
2013-12-17,1995.0
2013-12-18,1996.5
2013-12-19,1974.0
2013-12-20,2031.5
2013-12-21,2042.125
2013-12-22,2042.125
2013-12-23,2052.75
2013-12-24,2076.0
2013-12-25,2083.25
2013-12-26,2083.25
2013-12-27,2090.5
2013-12-28,2090.5
2013-12-29,2090.5
2013-12-30,2090.5
2013-12-31,2045.0
2014-01-01,2058.5
2014-01-02,2072.0
2014-01-03,2028.5
2014-01-04,2033.0
2014-01-05,2033.0
2014-01-06,2037.5
2014-01-07,2042.5
2014-01-08,2026.0
2014-01-09,2002.75
2014-01-10,2026.0
2014-01-11,2045.25
2014-01-12,2045.25
2014-01-13,2064.5
2014-01-14,2068.25
2014-01-15,2082.25
2014-01-16,2075.5
2014-01-17,2080.0
2014-01-18,2078.5
2014-01-19,2078.5
2014-01-20,2077.0
2014-01-21,2091.5
2014-01-22,2083.5
2014-01-23,2040.75
2014-01-24,2013.0
2014-01-25,2008.0
2014-01-26,2008.0
2014-01-27,2003.0
2014-01-28,1995.0
2014-01-29,1983.0
2014-01-30,1974.25
2014-01-31,1964.0
2014-02-01,1957.875
2014-02-02,1957.875
2014-02-03,1951.75
2014-02-04,1948.25
2014-02-05,1967.0
2014-02-06,2010.5
2014-02-07,2028.5
2014-02-08,2017.375
2014-02-09,2017.375
2014-02-10,2006.25
2014-02-11,1997.75
2014-02-12,2020.0
2014-02-13,2024.0
2014-02-14,2044.0
2014-02-15,2054.125
2014-02-16,2054.125
2014-02-17,2064.25
2014-02-18,2069.0
2014-02-19,2055.0
2014-02-20,2049.0
2014-02-21,2041.0
2014-02-22,2043.0
2014-02-23,2043.0
2014-02-24,2045.0
2014-02-25,2049.0
2014-02-26,2062.5
2014-02-27,2070.5
2014-02-28,2085.0
2014-03-01,2083.5
2014-03-02,2083.5
2014-03-03,2082.0
2014-03-04,2132.75
2014-03-05,2118.5
2014-03-06,2107.0
2014-03-07,2055.0
2014-03-08,2044.25
2014-03-09,2044.25
2014-03-10,2033.5
2014-03-11,1990.0
2014-03-12,1972.0
2014-03-13,1966.5
2014-03-14,1966.25
2014-03-15,1959.5
2014-03-16,1959.5
2014-03-17,1952.75
2014-03-18,1979.25
2014-03-19,1983.25
2014-03-20,1946.0
2014-03-21,1945.75
2014-03-22,1941.0
2014-03-23,1941.0
2014-03-24,1936.25
2014-03-25,1985.25
2014-03-26,1963.75
2014-03-27,1964.5
2014-03-28,1966.0
2014-03-29,1968.875
2014-03-30,1968.875
2014-03-31,1971.75
2014-04-01,1960.25
2014-04-02,1964.0
2014-04-03,1978.25
2014-04-04,1997.75
2014-04-05,1995.75
2014-04-06,1995.75
2014-04-07,1993.75
2014-04-08,2018.5
2014-04-09,2011.5
2014-04-10,2032.25
2014-04-11,2016.25
2014-04-12,2029.125
2014-04-13,2029.125
2014-04-14,2042.0
2014-04-15,2048.25
2014-04-16,2065.0
2014-04-17,2054.0
2014-04-18,2064.5
2014-04-19,2064.5
2014-04-20,2064.5
2014-04-21,2064.5
2014-04-22,2075.0
2014-04-23,2053.0
2014-04-24,2069.25
2014-04-25,2052.0
2014-04-26,2057.625
2014-04-27,2057.625
2014-04-28,2063.25
2014-04-29,2052.5
2014-04-30,2042.0
2014-05-01,2023.5
2014-05-02,2043.5
2014-05-03,2046.75
2014-05-04,2046.75
2014-05-05,2046.75
2014-05-06,2050.0
2014-05-07,2025.0
2014-05-08,2034.25
2014-05-09,2030.0
2014-05-10,2049.75
2014-05-11,2049.75
2014-05-12,2069.5
2014-05-13,2054.5
2014-05-14,2099.25
2014-05-15,2053.75
2014-05-16,2059.75
2014-05-17,2072.375
2014-05-18,2072.375
2014-05-19,2085.0
2014-05-20,2076.0
2014-05-21,2067.75
2014-05-22,2073.75
2014-05-23,2078.0
2014-05-24,2081.5
2014-05-25,2081.5
2014-05-26,2081.5
2014-05-27,2085.0
2014-05-28,2072.25
2014-05-29,2062.75
2014-05-30,2051.5
2014-05-31,2067.375
2014-06-01,2067.375
2014-06-02,2083.25
2014-06-03,2087.75
2014-06-04,2078.25
2014-06-05,2085.25
2014-06-06,2102.25
2014-06-07,2114.875
2014-06-08,2114.875
2014-06-09,2127.5
2014-06-10,2121.75
2014-06-11,2108.0
2014-06-12,2060.5
2014-06-13,2074.5
2014-06-14,2082.875
2014-06-15,2082.875
2014-06-16,2091.25
2014-06-17,2126.0
2014-06-18,2132.5
2014-06-19,2145.25
2014-06-20,2170.25
2014-06-21,2174.0
2014-06-22,2174.0
2014-06-23,2177.75
2014-06-24,2168.5
2014-06-25,2176.0
2014-06-26,2186.0
2014-06-27,2182.5
2014-06-28,2197.375
2014-06-29,2197.375
2014-06-30,2212.25
2014-07-01,2178.5
2014-07-02,2242.5
2014-07-03,2230.5
2014-07-04,2229.75
2014-07-05,2241.0
2014-07-06,2241.0
2014-07-07,2252.25
2014-07-08,2272.75
2014-07-09,2275.5
2014-07-10,2261.75
2014-07-11,2238.5
2014-07-12,2269.625
2014-07-13,2269.625
2014-07-14,2300.75
2014-07-15,2298.5
2014-07-16,2287.5
2014-07-17,2299.5
2014-07-18,2292.0
2014-07-19,2313.25
2014-07-20,2313.25
2014-07-21,2334.5
2014-07-22,2361.75
2014-07-23,2363.5
2014-07-24,2389.0
2014-07-25,2387.5
2014-07-26,2398.375
2014-07-27,2398.375
2014-07-28,2409.25
2014-07-29,2365.5
2014-07-30,2385.0
2014-07-31,2368.5
2014-08-01,2342.0
2014-08-02,2366.75
2014-08-03,2366.75
2014-08-04,2391.5
2014-08-05,2384.0
2014-08-06,2352.5
2014-08-07,2322.25
2014-08-08,2290.0
2014-08-09,2293.125
2014-08-10,2293.125
2014-08-11,2296.25
2014-08-12,2321.25
2014-08-13,2270.75
2014-08-14,2265.0
2014-08-15,2264.25
2014-08-16,2268.75
2014-08-17,2268.75
2014-08-18,2273.25
2014-08-19,2310.0
2014-08-20,2357.25
2014-08-21,2357.5
2014-08-22,2347.5
2014-08-23,2349.25
2014-08-24,2349.25
2014-08-25,2349.25
2014-08-26,2351.0
2014-08-27,2353.5
2014-08-28,2338.0
2014-08-29,2353.25
2014-08-30,2353.0
2014-08-31,2353.0
2014-09-01,2352.75
2014-09-02,2371.5
2014-09-03,2359.0
2014-09-04,2389.75
2014-09-05,2384.25
2014-09-06,2381.625
2014-09-07,2381.625
2014-09-08,2379.0
2014-09-09,2291.5
2014-09-10,2295.75
2014-09-11,2253.0
2014-09-12,2269.0
2014-09-13,2255.5
2014-09-14,2255.5
2014-09-15,2242.0
2014-09-16,2299.75
2014-09-17,2261.75
2014-09-18,2258.75
2014-09-19,2268.25
2014-09-20,2250.625
2014-09-21,2250.625
2014-09-22,2233.0
2014-09-23,2247.75
2014-09-24,2274.25
2014-09-25,2259.0
2014-09-26,2259.25
2014-09-27,2271.125
2014-09-28,2271.125
2014-09-29,2283.0
2014-09-30,2281.75
2014-10-01,2261.5
2014-10-02,2245.0
2014-10-03,2258.5
2014-10-04,2280.75
2014-10-05,2280.75
2014-10-06,2303.0
2014-10-07,2312.25
2014-10-08,2311.75
2014-10-09,2328.0
2014-10-10,2308.5
2014-10-11,2251.5
2014-10-12,2290.5
2014-10-13,2329.5
2014-10-14,2347.0
2014-10-15,2260.25
2014-10-16,2215.0
2014-10-17,2244.5
2014-10-18,2227.5
2014-10-19,2227.5
2014-10-20,2210.5
2014-10-21,2206.5
2014-10-22,2257.5
2014-10-23,2256.5
2014-10-24,2255.0
2014-10-25,2254.5
2014-10-26,2254.5
2014-10-27,2254.0
2014-10-28,2255.0
2014-10-29,2298.75
2014-10-30,2303.5
2014-10-31,2310.5
2014-11-01,2306.125
2014-11-02,2306.125
2014-11-03,2301.75
2014-11-04,2247.25
2014-11-05,2216.5
2014-11-06,2222.25
2014-11-07,2239.75
2014-11-08,2239.125
2014-11-09,2239.125
2014-11-10,2238.5
2014-11-11,2271.25
2014-11-12,2277.5
2014-11-13,2245.0
2014-11-14,2263.5
2014-11-15,2260.0
2014-11-16,2260.0
2014-11-17,2256.5
2014-11-18,2250.25
2014-11-19,2257.0
2014-11-20,2250.25
2014-11-21,2293.5
2014-11-22,2287.875
2014-11-23,2287.875
2014-11-24,2282.25
2014-11-25,2269.0
2014-11-26,2270.75
2014-11-27,2257.0
2014-11-28,2210.25
2014-11-29,2222.875
2014-11-30,2222.875
2014-12-01,2235.5
2014-12-02,2210.25
2014-12-03,2214.0
2014-12-04,2235.25
2014-12-05,2233.75
2014-12-06,2226.625
2014-12-07,2226.625
2014-12-08,2219.5
2014-12-09,2228.0
2014-12-10,2181.5
2014-12-11,2187.25
2014-12-12,2191.25
2014-12-13,2182.5
2014-12-14,2182.5
2014-12-15,2173.75
2014-12-16,2140.25
2014-12-17,2144.5
2014-12-18,2126.0
2014-12-19,2174.0
2014-12-20,2169.0
2014-12-21,2169.0
2014-12-22,2164.0
2014-12-23,2165.5
2014-12-24,2155.5
2014-12-25,2147.5
2014-12-26,2147.5
2014-12-27,2147.5
2014-12-28,2147.5
2014-12-29,2139.5
2014-12-30,2182.25
2014-12-31,2177.25
2015-01-01,2190.25
2015-01-02,2203.25
2015-01-03,2192.625
2015-01-04,2192.625
2015-01-05,2182.0
2015-01-06,2172.5
2015-01-07,2137.0
2015-01-08,2160.75
2015-01-09,2157.5
2015-01-10,2149.0
2015-01-11,2149.0
2015-01-12,2140.5
2015-01-13,2073.25
2015-01-14,2036.5
2015-01-15,2055.0
2015-01-16,2097.5
2015-01-17,2085.25
2015-01-18,2085.25
2015-01-19,2073.0
2015-01-20,2105.0
2015-01-21,2131.5
2015-01-22,2142.0
2015-01-23,2095.0
2015-01-24,2113.25
2015-01-25,2113.25
2015-01-26,2131.5
2015-01-27,2115.5
2015-01-28,2117.0
2015-01-29,2092.5
2015-01-30,2119.5
2015-01-31,2122.75
2015-02-01,2122.75
2015-02-02,2126.0
2015-02-03,2158.5
2015-02-04,2141.0
2015-02-05,2142.5
2015-02-06,2158.0
2015-02-07,2156.5
2015-02-08,2156.5
2015-02-09,2155.0
2015-02-10,2115.5
2015-02-11,2117.0
2015-02-12,2141.5
2015-02-13,2152.0
2015-02-14,2153.0
2015-02-15,2153.0
2015-02-16,2154.0
2015-02-17,2113.0
2015-02-18,2085.5
2015-02-19,2080.0
2015-02-20,2050.5
2015-02-21,2047.5
2015-02-22,2047.5
2015-02-23,2044.5
2015-02-24,2072.0
2015-02-25,2060.5
2015-02-26,2073.0
2015-02-27,2065.0
2015-02-28,2060.0
2015-03-01,2060.0
2015-03-02,2055.0
2015-03-03,2033.0
2015-03-04,2032.0
2015-03-05,2021.0
2015-03-06,2016.0
2015-03-07,2029.75
2015-03-08,2029.75
2015-03-09,2043.5
2015-03-10,2017.5
2015-03-11,1999.0
2015-03-12,2012.0
2015-03-13,2012.0
2015-03-14,2012.0
2015-03-15,2012.0
2015-03-16,2012.0
2015-03-17,2014.5
2015-03-18,2001.5
2015-03-19,2020.5
2015-03-20,2055.0
2015-03-21,2068.75
2015-03-22,2068.75
2015-03-23,2082.5
2015-03-24,2084.0
2015-03-25,2081.0
2015-03-26,2081.0
2015-03-27,2084.0
2015-03-28,2094.75
2015-03-29,2094.75
2015-03-30,2105.5
2015-03-31,2080.0
2015-04-01,2098.5
2015-04-02,2130.0
2015-04-03,2139.25
2015-04-04,2139.25
2015-04-05,2139.25
2015-04-06,2139.25
2015-04-07,2148.5
2015-04-08,2155.5
2015-04-09,2175.5
2015-04-10,2207.0
2015-04-11,2203.5
2015-04-12,2203.5
2015-04-13,2200.0
2015-04-14,2194.0
2015-04-15,2204.5
2015-04-16,2230.0
2015-04-17,2215.5
2015-04-18,2199.75
2015-04-19,2199.75
2015-04-20,2184.0
2015-04-21,2209.5
2015-04-22,2239.0
2015-04-23,2223.5
2015-04-24,2242.0
2015-04-25,2269.5
2015-04-26,2269.5
2015-04-27,2297.0
2015-04-28,2291.0
2015-04-29,2297.0
2015-04-30,2340.0
2015-05-01,2343.5
2015-05-02,2368.0
2015-05-03,2368.0
2015-05-04,2368.0
2015-05-05,2392.5
2015-05-06,2358.5
2015-05-07,2366.5
2015-05-08,2350.0
2015-05-09,2327.0
2015-05-10,2327.0
2015-05-11,2304.0
2015-05-12,2353.5
2015-05-13,2336.5
2015-05-14,2304.0
2015-05-15,2290.0
2015-05-16,2286.0
2015-05-17,2286.0
2015-05-18,2282.0
2015-05-19,2232.5
2015-05-20,2204.0
2015-05-21,2205.0
2015-05-22,2175.0
2015-05-23,2178.0
2015-05-24,2178.0
2015-05-25,2178.0
2015-05-26,2181.0
2015-05-27,2185.0
2015-05-28,2229.5
2015-05-29,2184.5
2015-05-30,2169.75
2015-05-31,2169.75
2015-06-01,2155.0
2015-06-02,2162.0
2015-06-03,2171.0
2015-06-04,2139.0
2015-06-05,2138.0
2015-06-06,2140.0
2015-06-07,2140.0
2015-06-08,2142.0
2015-06-09,2162.5
2015-06-10,2146.5
2015-06-11,2127.0
2015-06-12,2126.5
2015-06-13,2117.5
2015-06-14,2117.5
2015-06-15,2108.5
2015-06-16,2093.0
2015-06-17,2086.0
2015-06-18,2068.5
2015-06-19,2058.0
2015-06-20,2046.5
2015-06-21,2046.5
2015-06-22,2035.0
2015-06-23,2055.0
2015-06-24,2044.0
2015-06-25,2039.0
2015-06-26,2025.5
2015-06-27,2021.5
2015-06-28,2021.5
2015-06-29,2017.5
2015-06-30,1999.0
2015-07-01,2042.5
2015-07-02,2026.0
2015-07-03,2022.0
2015-07-04,2017.5
2015-07-05,2017.5
2015-07-06,2013.0
2015-07-07,1953.0
2015-07-08,1980.0
2015-07-09,2010.5
2015-07-10,2012.5
2015-07-11,2032.75
2015-07-12,2032.75
2015-07-13,2053.0
2015-07-14,2061.0
2015-07-15,2079.0
2015-07-16,2069.0
2015-07-17,2060.0
2015-07-18,2054.25
2015-07-19,2054.25
2015-07-20,2048.5
2015-07-21,2037.0
2015-07-22,1996.5
2015-07-23,1978.5
2015-07-24,1957.0
2015-07-25,1943.0
2015-07-26,1943.0
2015-07-27,1929.0
2015-07-28,1985.0
2015-07-29,1962.0
2015-07-30,1948.5
2015-07-31,1916.0
2015-08-01,1908.0
2015-08-02,1908.0
2015-08-03,1900.0
2015-08-04,1916.0
2015-08-05,1893.5
2015-08-06,1868.0
2015-08-07,1856.5
2015-08-08,1875.25
2015-08-09,1875.25
2015-08-10,1894.0
2015-08-11,1803.0
2015-08-12,1836.0
2015-08-13,1829.0
2015-08-14,1832.5
2015-08-15,1822.75
2015-08-16,1822.75
2015-08-17,1813.0
2015-08-18,1765.0
2015-08-19,1788.5
2015-08-20,1813.0
2015-08-21,1765.0
2015-08-22,1738.0
2015-08-23,1738.0
2015-08-24,1711.0
2015-08-25,1738.0
2015-08-26,1682.0
2015-08-27,1750.0
2015-08-28,1811.0
2015-08-29,1808.0
2015-08-30,1808.0
2015-08-31,1808.0
2015-09-01,1805.0
2015-09-02,1820.0
2015-09-03,1811.0
2015-09-04,1784.0
2015-09-05,1777.0
2015-09-06,1777.0
2015-09-07,1770.0
2015-09-08,1819.5
2015-09-09,1815.5
2015-09-10,1812.5
2015-09-11,1818.0
2015-09-12,1781.5
2015-09-13,1781.5
2015-09-14,1745.0
2015-09-15,1738.0
2015-09-16,1744.0
2015-09-17,1732.0
2015-09-18,1678.0
2015-09-19,1662.75
2015-09-20,1662.75
2015-09-21,1647.5
2015-09-22,1621.5
2015-09-23,1643.0
2015-09-24,1678.0
2015-09-25,1630.0
2015-09-26,1634.25
2015-09-27,1634.25
2015-09-28,1638.5
2015-09-29,1664.0
2015-09-30,1685.5
2015-10-01,1682.5
2015-10-02,1699.0
2015-10-03,1680.0
2015-10-04,1680.0
2015-10-05,1661.0
2015-10-06,1653.0
2015-10-07,1694.5
2015-10-08,1676.5
2015-10-09,1848.5
2015-10-10,1843.25
2015-10-11,1843.25
2015-10-12,1838.0
2015-10-13,1810.5
2015-10-14,1822.5
2015-10-15,1823.0
2015-10-16,1802.5
2015-10-17,1795.5
2015-10-18,1795.5
2015-10-19,1788.5
2015-10-20,1772.5
2015-10-21,1726.0
2015-10-22,1750.5
2015-10-23,1756.0
2015-10-24,1749.75
2015-10-25,1749.75
2015-10-26,1743.5
2015-10-27,1741.0
2015-10-28,1735.0
2015-10-29,1703.0
2015-10-30,1709.0
2015-10-31,1698.25
2015-11-01,1698.25
2015-11-02,1687.5
2015-11-03,1697.5
2015-11-04,1672.5
2015-11-05,1657.0
2015-11-06,1662.0
2015-11-07,1649.0
2015-11-08,1649.0
2015-11-09,1636.0
2015-11-10,1604.0
2015-11-11,1625.0
2015-11-12,1609.0
2015-11-13,1617.0
2015-11-14,1600.5
2015-11-15,1600.5
2015-11-16,1584.0
2015-11-17,1539.0
2015-11-18,1520.5
2015-11-19,1527.0
2015-11-20,1551.0
2015-11-21,1542.25
2015-11-22,1542.25
2015-11-23,1533.5
2015-11-24,1585.0
2015-11-25,1571.0
2015-11-26,1608.0
2015-11-27,1551.5
2015-11-28,1554.5
2015-11-29,1554.5
2015-11-30,1557.5
2015-12-01,1577.0
2015-12-02,1549.0
2015-12-03,1526.5
2015-12-04,1550.5
2015-12-05,1534.75
2015-12-06,1534.75
2015-12-07,1519.0
2015-12-08,1527.0
2015-12-09,1530.0
2015-12-10,1532.0
2015-12-11,1545.5
2015-12-12,1545.25
2015-12-13,1545.25
2015-12-14,1545.0
2015-12-15,1502.5
2015-12-16,1517.5
2015-12-17,1490.0
2015-12-18,1517.0
2015-12-19,1525.5
2015-12-20,1525.5
2015-12-21,1534.0
2015-12-22,1516.5
2015-12-23,1555.0
2015-12-24,1552.0
2015-12-25,1573.5
2015-12-26,1573.5
2015-12-27,1573.5
2015-12-28,1573.5
2015-12-29,1595.0
2015-12-30,1630.0
2015-12-31,1607.0
2016-01-01,1586.5
2016-01-02,1586.5
2016-01-03,1586.5
2016-01-04,1566.0
2016-01-05,1572.5
2016-01-06,1540.0
2016-01-07,1488.5
2016-01-08,1502.5
2016-01-09,1484.0
2016-01-10,1484.0
2016-01-11,1465.5
2016-01-12,1460.5
2016-01-13,1485.0
2016-01-14,1512.0
2016-01-15,1475.5
2016-01-16,1485.0
2016-01-17,1485.0
2016-01-18,1494.5
2016-01-19,1500.5
2016-01-20,1482.0
2016-01-21,1507.5
2016-01-22,1510.0
2016-01-23,1513.75
2016-01-24,1513.75
2016-01-25,1517.5
2016-01-26,1589.0
2016-01-27,1612.0
2016-01-28,1576.5
2016-01-29,1616.0
2016-01-30,1633.0
2016-01-31,1633.0
2016-02-01,1650.0
2016-02-02,1664.5
2016-02-03,1696.0
2016-02-04,1715.0
2016-02-05,1668.5
2016-02-06,1700.75
2016-02-07,1700.75
2016-02-08,1733.0
2016-02-09,1677.0
2016-02-10,1700.5
2016-02-11,1707.0
2016-02-12,1698.5
2016-02-13,1690.5
2016-02-14,1690.5
2016-02-15,1682.5
2016-02-16,1659.0
2016-02-17,1667.0
2016-02-18,1704.5
2016-02-19,1745.5
2016-02-20,1764.0
2016-02-21,1764.0
2016-02-22,1782.5
2016-02-23,1736.5
2016-02-24,1781.0
2016-02-25,1731.0
2016-02-26,1753.0
2016-02-27,1759.0
2016-02-28,1759.0
2016-02-29,1765.0
2016-03-01,1789.0
2016-03-02,1815.5
2016-03-03,1845.0
2016-03-04,1844.0
2016-03-05,1828.25
2016-03-06,1828.25
2016-03-07,1812.5
2016-03-08,1762.5
2016-03-09,1792.0
2016-03-10,1768.5
2016-03-11,1802.0
2016-03-12,1792.5
2016-03-13,1792.5
2016-03-14,1783.0
2016-03-15,1748.0
2016-03-16,1775.5
2016-03-17,1843.0
2016-03-18,1843.5
2016-03-19,1852.25
2016-03-20,1852.25
2016-03-21,1861.0
2016-03-22,1867.0
2016-03-23,1835.5
2016-03-24,1790.5
2016-03-25,1791.25
2016-03-26,1791.25
2016-03-27,1791.25
2016-03-28,1791.25
2016-03-29,1792.0
2016-03-30,1797.0
2016-03-31,1817.5
2016-04-01,1863.5
2016-04-02,1859.25
2016-04-03,1859.25
2016-04-04,1855.0
2016-04-05,1812.0
2016-04-06,1796.0
2016-04-07,1749.0
2016-04-08,1758.5
2016-04-09,1757.75
2016-04-10,1757.75
2016-04-11,1757.0
2016-04-12,1846.0
2016-04-13,1878.5
2016-04-14,1861.5
2016-04-15,1879.0
2016-04-16,1886.0
2016-04-17,1886.0
2016-04-18,1893.0
2016-04-19,1932.0
2016-04-20,1927.0
2016-04-21,1903.0
2016-04-22,1907.5
2016-04-23,1889.75
2016-04-24,1889.75
2016-04-25,1872.0
2016-04-26,1895.5
2016-04-27,1885.5
2016-04-28,1909.0
2016-04-29,1937.0
2016-04-30,1915.5
2016-05-01,1915.5
2016-05-02,1915.5
2016-05-03,1894.0
2016-05-04,1882.0
2016-05-05,1860.0
2016-05-06,1881.5
2016-05-07,1856.5
2016-05-08,1856.5
2016-05-09,1831.5
2016-05-10,1849.0
2016-05-11,1905.0
2016-05-12,1875.0
2016-05-13,1895.0
2016-05-14,1896.25
2016-05-15,1896.25
2016-05-16,1897.5
2016-05-17,1900.0
2016-05-18,1892.0
2016-05-19,1860.5
2016-05-20,1864.5
2016-05-21,1848.75
2016-05-22,1848.75
2016-05-23,1833.0
2016-05-24,1825.5
2016-05-25,1837.5
2016-05-26,1876.0
2016-05-27,1904.0
2016-05-28,1915.0
2016-05-29,1915.0
2016-05-30,1915.0
2016-05-31,1926.0
2016-06-01,1964.0
2016-06-02,1976.5
2016-06-03,1996.5
2016-06-04,2011.0
2016-06-05,2011.0
2016-06-06,2025.5
2016-06-07,1994.5
2016-06-08,2075.0
2016-06-09,2072.0
2016-06-10,2087.5
2016-06-11,2082.75
2016-06-12,2082.75
2016-06-13,2078.0
2016-06-14,2015.0
2016-06-15,2035.0
2016-06-16,1992.0
2016-06-17,1978.5
2016-06-18,1998.0
2016-06-19,1998.0
2016-06-20,2017.5
2016-06-21,2034.5
2016-06-22,2045.0
2016-06-23,2040.5
2016-06-24,2021.0
2016-06-25,2009.0
2016-06-26,2009.0
2016-06-27,1997.0
2016-06-28,2077.5
2016-06-29,2086.5
2016-06-30,2106.0
2016-07-01,2147.0
2016-07-02,2132.0
2016-07-03,2132.0
2016-07-04,2117.0
2016-07-05,2108.0
2016-07-06,2116.0
2016-07-07,2095.5
2016-07-08,2142.0
2016-07-09,2136.75
2016-07-10,2136.75
2016-07-11,2131.5
2016-07-12,2193.0
2016-07-13,2178.5
2016-07-14,2192.5
2016-07-15,2206.5
2016-07-16,2215.5
2016-07-17,2215.5
2016-07-18,2224.5
2016-07-19,2245.0
2016-07-20,2245.0
2016-07-21,2250.5
2016-07-22,2254.5
2016-07-23,2255.75
2016-07-24,2255.75
2016-07-25,2257.0
2016-07-26,2232.5
2016-07-27,2167.5
2016-07-28,2207.5
2016-07-29,2246.0
2016-07-30,2254.0
2016-07-31,2254.0
2016-08-01,2262.0
2016-08-02,2275.0
2016-08-03,2278.0
2016-08-04,2255.0
2016-08-05,2265.0
2016-08-06,2272.75
2016-08-07,2272.75
2016-08-08,2280.5
2016-08-09,2273.5
2016-08-10,2285.0
2016-08-11,2279.0
2016-08-12,2235.0
2016-08-13,2249.25
2016-08-14,2249.25
2016-08-15,2263.5
2016-08-16,2257.0
2016-08-17,2273.0
2016-08-18,2294.0
2016-08-19,2293.0
2016-08-20,2288.75
2016-08-21,2288.75
2016-08-22,2284.5
2016-08-23,2299.0
2016-08-24,2278.5
2016-08-25,2297.5
2016-08-26,2319.5
2016-08-27,2315.5
2016-08-28,2315.5
2016-08-29,2315.5
2016-08-30,2311.5
2016-08-31,2314.0
2016-09-01,2345.5
2016-09-02,2364.0
2016-09-03,2361.0
2016-09-04,2361.0
2016-09-05,2358.0
2016-09-06,2317.5
2016-09-07,2320.5
2016-09-08,2313.0
2016-09-09,2292.0
2016-09-10,2277.0
2016-09-11,2277.0
2016-09-12,2262.0
2016-09-13,2229.5
2016-09-14,2275.0
2016-09-15,2231.5
2016-09-16,2216.5
2016-09-17,2235.0
2016-09-18,2235.0
2016-09-19,2253.5
2016-09-20,2299.5
2016-09-21,2265.0
2016-09-22,2285.0
2016-09-23,2276.0
2016-09-24,2281.25
2016-09-25,2281.25
2016-09-26,2286.5
2016-09-27,2306.0
2016-09-28,2334.5
2016-09-29,2355.0
2016-09-30,2377.0
2016-10-01,2392.75
2016-10-02,2392.75
2016-10-03,2408.5
2016-10-04,2379.0
2016-10-05,2345.5
2016-10-06,2324.0
2016-10-07,2329.0
2016-10-08,2330.25
2016-10-09,2330.25
2016-10-10,2331.5
2016-10-11,2250.5
2016-10-12,2261.5
2016-10-13,2250.5
2016-10-14,2260.5
2016-10-15,2270.5
2016-10-16,2270.5
2016-10-17,2280.5
2016-10-18,2289.5
2016-10-19,2314.5
2016-10-20,2288.0
2016-10-21,2257.0
2016-10-22,2289.5
2016-10-23,2289.5
2016-10-24,2322.0
2016-10-25,2359.0
2016-10-26,2343.0
2016-10-27,2360.5
2016-10-28,2398.0
2016-10-29,2431.25
2016-10-30,2431.25
2016-10-31,2464.5
2016-11-01,2469.0
2016-11-02,2425.5
2016-11-03,2480.0
2016-11-04,2445.0
2016-11-05,2457.25
2016-11-06,2457.25
2016-11-07,2469.5
2016-11-08,2481.0
2016-11-09,2510.5
2016-11-10,2521.0
2016-11-11,2475.0
2016-11-12,2547.5
2016-11-13,2547.5
2016-11-14,2620.0
2016-11-15,2621.0
2016-11-16,2526.5
2016-11-17,2529.0
2016-11-18,2559.0
2016-11-19,2566.0
2016-11-20,2566.0
2016-11-21,2573.0
2016-11-22,2612.5
2016-11-23,2701.0
2016-11-24,2731.0
2016-11-25,2880.0
2016-11-26,2850.25
2016-11-27,2850.25
2016-11-28,2820.5
2016-11-29,2733.5
2016-11-30,2699.5
2016-12-01,2761.0
2016-12-02,2660.5
2016-12-03,2715.75
2016-12-04,2715.75
2016-12-05,2771.0
2016-12-06,2816.5
2016-12-07,2745.5
2016-12-08,2690.5
2016-12-09,2706.0
2016-12-10,2724.5
2016-12-11,2724.5
2016-12-12,2743.0
2016-12-13,2711.5
2016-12-14,2818.5
2016-12-15,2804.0
2016-12-16,2729.5
2016-12-17,2667.25
2016-12-18,2667.25
2016-12-19,2605.0
2016-12-20,2635.0
2016-12-21,2615.0
2016-12-22,2634.0
2016-12-23,2575.5
2016-12-24,2577.75
2016-12-25,2577.75
2016-12-26,2577.75
2016-12-27,2577.75
2016-12-28,2580.0
2016-12-29,2520.0
2016-12-30,2567.0
2016-12-31,2551.25
2017-01-01,2551.25
2017-01-02,2551.25
2017-01-03,2535.5
2017-01-04,2624.0
2017-01-05,2607.0
2017-01-06,2622.0
2017-01-07,2649.25
2017-01-08,2649.25
2017-01-09,2676.5
2017-01-10,2710.0
2017-01-11,2685.0
2017-01-12,2742.5
2017-01-13,2784.0
2017-01-14,2764.0
2017-01-15,2764.0
2017-01-16,2744.0
2017-01-17,2711.0
2017-01-18,2766.5
2017-01-19,2756.0
2017-01-20,2750.0
2017-01-21,2771.5
2017-01-22,2771.5
2017-01-23,2793.0
2017-01-24,2824.0
2017-01-25,2801.0
2017-01-26,2760.5
2017-01-27,2756.0
2017-01-28,2769.0
2017-01-29,2769.0
2017-01-30,2782.0
2017-01-31,2867.0
2017-02-01,2866.0
2017-02-02,2852.0
2017-02-03,2783.0
2017-02-04,2788.0
2017-02-05,2788.0
2017-02-06,2793.0
2017-02-07,2795.5
2017-02-08,2836.0
2017-02-09,2826.5
2017-02-10,2930.0
2017-02-11,2921.75
2017-02-12,2921.75
2017-02-13,2913.5
2017-02-14,2897.5
2017-02-15,2869.0
2017-02-16,2865.0
2017-02-17,2810.0
2017-02-18,2844.0
2017-02-19,2844.0
2017-02-20,2878.0
2017-02-21,2863.0
2017-02-22,2855.5
2017-02-23,2778.0
2017-02-24,2830.0
2017-02-25,2820.5
2017-02-26,2820.5
2017-02-27,2811.0
2017-02-28,2821.0
2017-03-01,2858.5
2017-03-02,2786.0
2017-03-03,2783.5
2017-03-04,2763.0
2017-03-05,2763.0
2017-03-06,2742.5
2017-03-07,2695.0
2017-03-08,2692.5
2017-03-09,2681.0
2017-03-10,2709.5
2017-03-11,2729.5
2017-03-12,2729.5
2017-03-13,2749.5
2017-03-14,2748.0
2017-03-15,2821.5
2017-03-16,2828.5
2017-03-17,2890.0
2017-03-18,2877.0
2017-03-19,2877.0
2017-03-20,2864.0
2017-03-21,2818.5
2017-03-22,2860.5
2017-03-23,2824.0
2017-03-24,2830.0
2017-03-25,2799.25
2017-03-26,2799.25
2017-03-27,2768.5
2017-03-28,2821.5
2017-03-29,2858.5
2017-03-30,2846.5
2017-03-31,2768.0
2017-04-01,2737.0
2017-04-02,2737.0
2017-04-03,2706.0
2017-04-04,2754.0
2017-04-05,2785.0
2017-04-06,2731.0
2017-04-07,2686.0
2017-04-08,2656.5
2017-04-09,2656.5
2017-04-10,2627.0
2017-04-11,2575.0
2017-04-12,2602.5
2017-04-13,2622.5
2017-04-14,2573.0
2017-04-15,2573.0
2017-04-16,2573.0
2017-04-17,2573.0
2017-04-18,2523.5
2017-04-19,2567.5
2017-04-20,2633.0
2017-04-21,2584.0
2017-04-22,2590.75
2017-04-23,2590.75
2017-04-24,2597.5
2017-04-25,2604.0
2017-04-26,2630.0
2017-04-27,2616.5
2017-04-28,2623.5
2017-04-29,2637.0
2017-04-30,2637.0
2017-05-01,2637.0
2017-05-02,2650.5
2017-05-03,2572.5
2017-05-04,2572.5
2017-05-05,2591.0
2017-05-06,2589.5
2017-05-07,2589.5
2017-05-08,2588.0
2017-05-09,2612.5
2017-05-10,2600.0
2017-05-11,2585.5
2017-05-12,2551.5
2017-05-13,2562.0
2017-05-14,2562.0
2017-05-15,2572.5
2017-05-16,2556.0
2017-05-17,2565.5
2017-05-18,2539.0
2017-05-19,2634.5
2017-05-20,2640.75
2017-05-21,2640.75
2017-05-22,2647.0
2017-05-23,2667.0
2017-05-24,2649.0
2017-05-25,2634.0
2017-05-26,2643.5
2017-05-27,2635.25
2017-05-28,2635.25
2017-05-29,2635.25
2017-05-30,2627.0
2017-05-31,2600.0
2017-06-01,2567.5
2017-06-02,2535.5
2017-06-03,2515.25
2017-06-04,2515.25
2017-06-05,2495.0
2017-06-06,2461.0
2017-06-07,2441.0
2017-06-08,2471.0
2017-06-09,2539.5
2017-06-10,2510.0
2017-06-11,2510.0
2017-06-12,2480.5
2017-06-13,2472.0
2017-06-14,2482.5
2017-06-15,2513.5
2017-06-16,2526.0
2017-06-17,2544.75
2017-06-18,2544.75
2017-06-19,2563.5
2017-06-20,2557.0
2017-06-21,2643.5
2017-06-22,2692.0
2017-06-23,2704.5
2017-06-24,2707.5
2017-06-25,2707.5
2017-06-26,2710.5
2017-06-27,2750.0
2017-06-28,2736.5
2017-06-29,2746.0
2017-06-30,2763.0
2017-07-01,2785.5
2017-07-02,2785.5
2017-07-03,2808.0
2017-07-04,2785.5
2017-07-05,2776.0
2017-07-06,2780.5
2017-07-07,2786.5
2017-07-08,2779.75
2017-07-09,2779.75
2017-07-10,2773.0
2017-07-11,2821.0
2017-07-12,2819.0
2017-07-13,2797.0
2017-07-14,2789.0
2017-07-15,2805.25
2017-07-16,2805.25
2017-07-17,2821.5
2017-07-18,2789.5
2017-07-19,2737.5
2017-07-20,2726.5
2017-07-21,2756.0
2017-07-22,2771.75
2017-07-23,2771.75
2017-07-24,2787.5
2017-07-25,2842.5
2017-07-26,2800.5
2017-07-27,2794.5
2017-07-28,2784.0
2017-07-29,2791.0
2017-07-30,2791.0
2017-07-31,2798.0
2017-08-01,2782.0
2017-08-02,2804.5
2017-08-03,2794.0
2017-08-04,2812.5
2017-08-05,2842.25
2017-08-06,2842.25
2017-08-07,2872.0
2017-08-08,2930.5
2017-08-09,2937.5
2017-08-10,2928.0
2017-08-11,2900.5
2017-08-12,2910.75
2017-08-13,2910.75
2017-08-14,2921.0
2017-08-15,2955.0
2017-08-16,3119.0
2017-08-17,3057.0
2017-08-18,3139.0
2017-08-19,3133.75
2017-08-20,3133.75
2017-08-21,3128.5
2017-08-22,3120.0
2017-08-23,3105.5
2017-08-24,3111.0
2017-08-25,3068.0
2017-08-26,3089.25
2017-08-27,3089.25
2017-08-28,3089.25
2017-08-29,3110.5
2017-08-30,3083.0
2017-08-31,3159.5
2017-09-01,3210.0
2017-09-02,3208.5
2017-09-03,3208.5
2017-09-04,3207.0
2017-09-05,3102.0
2017-09-06,3104.0
2017-09-07,3134.5
2017-09-08,3031.0
2017-09-09,3059.0
2017-09-10,3059.0
2017-09-11,3087.0
2017-09-12,3063.0
2017-09-13,3029.5
2017-09-14,3004.5
2017-09-15,3032.0
2017-09-16,3071.25
2017-09-17,3071.25
2017-09-18,3110.5
2017-09-19,3110.5
2017-09-20,3134.0
2017-09-21,3041.5
2017-09-22,3063.5
2017-09-23,3088.25
2017-09-24,3088.25
2017-09-25,3113.0
2017-09-26,3112.5
2017-09-27,3121.0
2017-09-28,3160.0
2017-09-29,3166.5
2017-09-30,3203.25
2017-10-01,3203.25
2017-10-02,3240.0
2017-10-03,3281.0
2017-10-04,3279.0
2017-10-05,3295.0
2017-10-06,3243.0
2017-10-07,3247.75
2017-10-08,3247.75
2017-10-09,3252.5
2017-10-10,3290.5
2017-10-11,3220.0
2017-10-12,3257.5
2017-10-13,3245.0
2017-10-14,3217.5
2017-10-15,3217.5
2017-10-16,3190.0
2017-10-17,3073.0
2017-10-18,3115.5
2017-10-19,3114.0
2017-10-20,3102.0
2017-10-21,3124.5
2017-10-22,3124.5
2017-10-23,3147.0
2017-10-24,3174.5
2017-10-25,3208.5
2017-10-26,3216.5
2017-10-27,3171.5
2017-10-28,3190.5
2017-10-29,3190.5
2017-10-30,3209.5
2017-10-31,3261.0
2017-11-01,3252.5
2017-11-02,3246.5
2017-11-03,3214.0
2017-11-04,3224.5
2017-11-05,3224.5
2017-11-06,3235.0
2017-11-07,3160.0
2017-11-08,3187.5
2017-11-09,3189.0
2017-11-10,3217.5
2017-11-11,3217.75
2017-11-12,3217.75
2017-11-13,3218.0
2017-11-14,3155.0
2017-11-15,3142.0
2017-11-16,3133.0
2017-11-17,3186.0
2017-11-18,3174.5
2017-11-19,3174.5
2017-11-20,3163.0
2017-11-21,3222.5
2017-11-22,3228.0
2017-11-23,3239.0
2017-11-24,3234.5
2017-11-25,3210.25
2017-11-26,3210.25
2017-11-27,3186.0
2017-11-28,3157.0
2017-11-29,3156.5
2017-11-30,3155.0
2017-12-01,3239.5
2017-12-02,3208.75
2017-12-03,3208.75
2017-12-04,3178.0
2017-12-05,3113.0
2017-12-06,3089.0
2017-12-07,3079.5
2017-12-08,3086.5
2017-12-09,3107.25
2017-12-10,3107.25
2017-12-11,3128.0
2017-12-12,3152.5
2017-12-13,3154.0
2017-12-14,3185.5
2017-12-15,3206.0
2017-12-16,3200.5
2017-12-17,3200.5
2017-12-18,3195.0
2017-12-19,3203.0
2017-12-20,3218.0
2017-12-21,3243.0
2017-12-22,3274.0
2017-12-23,3270.5
2017-12-24,3270.5
2017-12-25,3270.5
2017-12-26,3270.5
2017-12-27,3267.0
2017-12-28,3296.5
2017-12-29,3313.0
2017-12-30,3329.0
2017-12-31,3329.0
2018-01-01,3329.0
2018-01-02,3345.0
2018-01-03,3329.5
2018-01-04,3350.0
2018-01-05,3352.5
2018-01-06,3368.0
2018-01-07,3368.0
2018-01-08,3383.5
2018-01-09,3334.0
2018-01-10,3347.5
2018-01-11,3380.5
2018-01-12,3396.5
2018-01-13,3414.5
2018-01-14,3414.5
2018-01-15,3432.5
2018-01-16,3406.0
2018-01-17,3376.0
2018-01-18,3376.0
2018-01-19,3405.0
2018-01-20,3410.25
2018-01-21,3410.25
2018-01-22,3415.5
2018-01-23,3407.5
2018-01-24,3439.5
2018-01-25,3460.0
2018-01-26,3483.0
2018-01-27,3516.25
2018-01-28,3516.25
2018-01-29,3549.5
2018-01-30,3512.0
2018-01-31,3528.5
2018-02-01,3561.5
2018-02-02,3510.0
2018-02-03,3513.5
2018-02-04,3513.5
2018-02-05,3517.0
2018-02-06,3469.5
2018-02-07,3383.5
2018-02-08,3421.0
2018-02-09,3378.5
2018-02-10,3385.25
2018-02-11,3385.25
2018-02-12,3392.0
2018-02-13,3466.0
2018-02-14,3566.0
2018-02-15,3579.5
2018-02-16,3567.0
2018-02-17,3566.25
2018-02-18,3566.25
2018-02-19,3565.5
2018-02-20,3548.5
2018-02-21,3533.0
2018-02-22,3528.5
2018-02-23,3508.5
2018-02-24,3519.5
2018-02-25,3519.5
2018-02-26,3530.5
2018-02-27,3488.0
2018-02-28,3453.5
2018-03-01,3401.5
2018-03-02,3362.5
2018-03-03,3334.75
2018-03-04,3334.75
2018-03-05,3307.0
2018-03-06,3307.0
2018-03-07,3273.5
2018-03-08,3227.0
2018-03-09,3296.0
2018-03-10,3267.75
2018-03-11,3267.75
2018-03-12,3239.5
2018-03-13,3295.5
2018-03-14,3210.0
2018-03-15,3230.5
2018-03-16,3254.5
2018-03-17,3253.25
2018-03-18,3253.25
2018-03-19,3252.0
2018-03-20,3201.5
2018-03-21,3251.5
2018-03-22,3210.0
2018-03-23,3224.0
2018-03-24,3246.75
2018-03-25,3246.75
2018-03-26,3269.5
2018-03-27,3282.5
2018-03-28,3278.5
2018-03-29,3270.0
2018-03-30,3273.75
2018-03-31,3273.75
2018-04-01,3273.75
2018-04-02,3273.75
2018-04-03,3277.5
2018-04-04,3252.0
2018-04-05,3240.5
2018-04-06,3240.5
2018-04-07,3226.25
2018-04-08,3226.25
2018-04-09,3212.0
2018-04-10,3249.0
2018-04-11,3222.5
2018-04-12,3088.0
2018-04-13,3103.0
2018-04-14,3117.25
2018-04-15,3117.25
2018-04-16,3131.5
2018-04-17,3167.5
2018-04-18,3263.0
2018-04-19,3216.0
2018-04-20,3235.5
2018-04-21,3233.25
2018-04-22,3233.25
2018-04-23,3231.0
2018-04-24,3215.5
2018-04-25,3135.5
2018-04-26,3135.5
2018-04-27,3136.5
2018-04-28,3128.25
2018-04-29,3128.25
2018-04-30,3120.0
2018-05-01,3070.5
2018-05-02,3050.0
2018-05-03,3005.0
2018-05-04,3062.0
2018-05-05,3068.5
2018-05-06,3068.5
2018-05-07,3068.5
2018-05-08,3075.0
2018-05-09,3089.5
2018-05-10,3082.0
2018-05-11,3093.0
2018-05-12,3073.5
2018-05-13,3073.5
2018-05-14,3054.0
2018-05-15,3058.0
2018-05-16,3078.0
2018-05-17,3091.5
2018-05-18,3094.0
2018-05-19,3095.25
2018-05-20,3095.25
2018-05-21,3096.5
2018-05-22,3040.5
2018-05-23,3025.5
2018-05-24,3037.0
2018-05-25,3052.0
2018-05-26,3064.5
2018-05-27,3064.5
2018-05-28,3064.5
2018-05-29,3077.0
2018-05-30,3145.5
2018-05-31,3100.0
2018-06-01,3088.5
2018-06-02,3103.75
2018-06-03,3103.75
2018-06-04,3119.0
2018-06-05,3192.0
2018-06-06,3181.5
2018-06-07,3160.0
2018-06-08,3200.5
2018-06-09,3203.0
2018-06-10,3203.0
2018-06-11,3205.5
2018-06-12,3196.5
2018-06-13,3212.0
2018-06-14,3178.0
2018-06-15,3077.0
2018-06-16,3074.25
2018-06-17,3074.25
2018-06-18,3071.5
2018-06-19,3003.0
2018-06-20,3000.5
2018-06-21,2935.0
2018-06-22,2933.0
2018-06-23,2888.0
2018-06-24,2888.0
2018-06-25,2843.0
2018-06-26,2855.5
2018-06-27,2882.0
2018-06-28,2901.5
2018-06-29,2855.0
2018-06-30,2841.25
2018-07-01,2841.25
2018-07-02,2827.5
2018-07-03,2779.0
2018-07-04,2710.5
2018-07-05,2697.0
2018-07-06,2751.0
2018-07-07,2719.5
2018-07-08,2719.5
2018-07-09,2688.0
2018-07-10,2627.0
2018-07-11,2563.0
2018-07-12,2575.0
2018-07-13,2583.0
2018-07-14,2529.25
2018-07-15,2529.25
2018-07-16,2475.5
2018-07-17,2505.5
2018-07-18,2618.5
2018-07-19,2564.5
2018-07-20,2578.5
2018-07-21,2564.0
2018-07-22,2564.0
2018-07-23,2549.5
2018-07-24,2593.5
2018-07-25,2583.5
2018-07-26,2585.0
2018-07-27,2580.5
2018-07-28,2565.0
2018-07-29,2565.0
2018-07-30,2549.5
2018-07-31,2630.5
2018-08-01,2540.0
2018-08-02,2561.5
2018-08-03,2607.0
2018-08-04,2586.5
2018-08-05,2586.5
2018-08-06,2566.0
2018-08-07,2601.5
2018-08-08,2610.5
2018-08-09,2596.0
2018-08-10,2536.5
2018-08-11,2501.75
2018-08-12,2501.75
2018-08-13,2467.0
2018-08-14,2450.5
2018-08-15,2283.0
2018-08-16,2374.5
2018-08-17,2388.5
2018-08-18,2381.75
2018-08-19,2381.75
2018-08-20,2375.0
2018-08-21,2432.5
2018-08-22,2462.0
2018-08-23,2464.5
2018-08-24,2526.0
2018-08-25,2524.0
2018-08-26,2524.0
2018-08-27,2524.0
2018-08-28,2522.0
2018-08-29,2515.0
2018-08-30,2463.5
2018-08-31,2471.5
2018-09-01,2466.0
2018-09-02,2466.0
2018-09-03,2460.5
2018-09-04,2402.5
2018-09-05,2415.5
2018-09-06,2437.5
2018-09-07,2401.5
2018-09-08,2381.5
2018-09-09,2381.5
2018-09-10,2361.5
2018-09-11,2317.5
2018-09-12,2390.5
2018-09-13,2351.0
2018-09-14,2311.0
2018-09-15,2322.0
2018-09-16,2322.0
2018-09-17,2333.0
2018-09-18,2372.0
2018-09-19,2426.5
2018-09-20,2465.5
2018-09-21,2509.0
2018-09-22,2512.25
2018-09-23,2512.25
2018-09-24,2515.5
2018-09-25,2515.0
2018-09-26,2538.0
2018-09-27,2511.5
2018-09-28,2597.0
2018-09-29,2621.75
2018-09-30,2621.75
2018-10-01,2646.5
2018-10-02,2657.0
2018-10-03,2670.0
2018-10-04,2610.0
2018-10-05,2621.0
2018-10-06,2622.0
2018-10-07,2622.0
2018-10-08,2623.0
2018-10-09,2680.0
2018-10-10,2615.0
2018-10-11,2616.5
2018-10-12,2636.5
2018-10-13,2614.25
2018-10-14,2614.25
2018-10-15,2592.0
2018-10-16,2598.5
2018-10-17,2665.5
2018-10-18,2662.0
2018-10-19,2622.0
2018-10-20,2639.0
2018-10-21,2639.0
2018-10-22,2656.0
2018-10-23,2664.0
2018-10-24,2665.0
2018-10-25,2647.0
2018-10-26,2657.5
2018-10-27,2631.25
2018-10-28,2631.25
2018-10-29,2605.0
2018-10-30,2541.0
2018-10-31,2485.5
2018-11-01,2540.5
2018-11-02,2549.0
2018-11-03,2538.0
2018-11-04,2538.0
2018-11-05,2527.0
2018-11-06,2482.0
2018-11-07,2462.5
2018-11-08,2500.5
2018-11-09,2500.0
2018-11-10,2496.0
2018-11-11,2496.0
2018-11-12,2492.0
2018-11-13,2498.0
2018-11-14,2506.0
2018-11-15,2567.5
2018-11-16,2618.5
2018-11-17,2608.5
2018-11-18,2608.5
2018-11-19,2598.5
2018-11-20,2541.0
2018-11-21,2564.0
2018-11-22,2588.5
2018-11-23,2507.5
2018-11-24,2496.0
2018-11-25,2496.0
2018-11-26,2484.5
2018-11-27,2421.0
2018-11-28,2463.0
2018-11-29,2460.5
2018-11-30,2536.0
2018-12-01,2557.25
2018-12-02,2557.25
2018-12-03,2578.5
2018-12-04,2584.0
2018-12-05,2620.0
2018-12-06,2605.5
2018-12-07,2585.0
2018-12-08,2578.5
2018-12-09,2578.5
2018-12-10,2572.0
2018-12-11,2596.5
2018-12-12,2563.5
2018-12-13,2573.0
2018-12-14,2534.0
2018-12-15,2542.0
2018-12-16,2542.0
2018-12-17,2550.0
2018-12-18,2513.5
2018-12-19,2543.0
2018-12-20,2543.5
2018-12-21,2489.0
2018-12-22,2483.5
2018-12-23,2483.5
2018-12-24,2478.0
2018-12-25,2484.5
2018-12-26,2484.5
2018-12-27,2491.0
2018-12-28,2444.5
2018-12-29,2445.25
2018-12-30,2445.25
2018-12-31,2446.0
2019-01-01,2420.5
2019-01-02,2395.0
2019-01-03,2400.0
2019-01-04,2448.5
2019-01-05,2472.25
2019-01-06,2472.25
2019-01-07,2496.0
2019-01-08,2482.0
2019-01-09,2486.5
2019-01-10,2451.5
2019-01-11,2497.0
2019-01-12,2484.75
2019-01-13,2484.75
2019-01-14,2472.5
2019-01-15,2455.0
2019-01-16,2504.0
2019-01-17,2537.0
2019-01-18,2579.0
2019-01-19,2577.25
2019-01-20,2577.25
2019-01-21,2575.5
2019-01-22,2580.5
2019-01-23,2617.5
2019-01-24,2626.0
2019-01-25,2682.0
2019-01-26,2679.25
2019-01-27,2679.25
2019-01-28,2676.5
2019-01-29,2655.5
2019-01-30,2688.0
2019-01-31,2723.5
2019-02-01,2758.0
2019-02-02,2778.75
2019-02-03,2778.75
2019-02-04,2799.5
2019-02-05,2731.0
2019-02-06,2709.5
2019-02-07,2721.5
2019-02-08,2697.0
2019-02-09,2669.25
2019-02-10,2669.25
2019-02-11,2641.5
2019-02-12,2608.0
2019-02-13,2608.0
2019-02-14,2588.0
2019-02-15,2662.0
2019-02-16,2652.0
2019-02-17,2652.0
2019-02-18,2642.0
2019-02-19,2662.0
2019-02-20,2698.0
2019-02-21,2674.0
2019-02-22,2711.0
2019-02-23,2711.0
2019-02-24,2711.0
2019-02-25,2711.0
2019-02-26,2742.5
2019-02-27,2749.5
2019-02-28,2757.5
2019-03-01,2777.5
2019-03-02,2759.5
2019-03-03,2759.5
2019-03-04,2741.5
2019-03-05,2779.0
2019-03-06,2784.5
2019-03-07,2735.0
2019-03-08,2716.0
2019-03-09,2732.5
2019-03-10,2732.5
2019-03-11,2749.0
2019-03-12,2842.0
2019-03-13,2836.0
2019-03-14,2820.25
2019-03-15,2782.75
2019-03-16,2779.125
2019-03-17,2779.125
2019-03-18,2775.5
2019-03-19,2815.5
2019-03-20,2877.5
2019-03-21,2836.75
2019-03-22,2820.25
2019-03-23,2830.25
2019-03-24,2830.25
2019-03-25,2840.25
2019-03-26,2878.0
2019-03-27,2883.5
2019-03-28,2868.0
2019-03-29,2911.25
2019-03-30,2904.5
2019-03-31,2904.5
2019-04-01,2897.75
2019-04-02,2870.0
2019-04-03,2933.0
2019-04-04,2914.25
2019-04-05,2919.0
2019-04-06,2909.0
2019-04-07,2909.0
2019-04-08,2899.0
2019-04-09,2854.25
2019-04-10,2879.0
2019-04-11,2870.5
2019-04-12,2923.5
2019-04-13,2910.5
2019-04-14,2910.5
2019-04-15,2897.5
2019-04-16,2810.25
2019-04-17,2809.5
2019-04-18,2794.25
2019-04-19,2772.0
2019-04-20,2772.0
2019-04-21,2772.0
2019-04-22,2772.0
2019-04-23,2749.75
2019-04-24,2747.75
2019-04-25,2747.5
2019-04-26,2763.5
2019-04-27,2780.375
2019-04-28,2780.375
2019-04-29,2797.25
2019-04-30,2824.5
2019-05-01,2758.25
2019-05-02,2736.75
2019-05-03,2770.75
2019-05-04,2733.875
2019-05-05,2733.875
2019-05-06,2733.875
2019-05-07,2697.0
2019-05-08,2647.5
2019-05-09,2637.5
2019-05-10,2639.5
2019-05-11,2608.25
2019-05-12,2608.25
2019-05-13,2577.0
2019-05-14,2591.75
2019-05-15,2633.25
2019-05-16,2633.5
2019-05-17,2596.75
2019-05-18,2585.125
2019-05-19,2585.125
2019-05-20,2573.5
2019-05-21,2582.75
2019-05-22,2545.75
2019-05-23,2525.75
2019-05-24,2555.5
2019-05-25,2557.625
2019-05-26,2557.625
2019-05-27,2557.625
2019-05-28,2559.75
2019-05-29,2540.0
2019-05-30,2557.5
2019-05-31,2523.25
2019-06-01,2499.375
2019-06-02,2499.375
2019-06-03,2475.5
2019-06-04,2472.75
2019-06-05,2459.25
2019-06-06,2510.75
2019-06-07,2483.5
2019-06-08,2479.375
2019-06-09,2479.375
2019-06-10,2475.25
2019-06-11,2520.0
2019-06-12,2512.0
2019-06-13,2476.25
2019-06-14,2455.25
2019-06-15,2463.875
2019-06-16,2463.875
2019-06-17,2472.5
2019-06-18,2513.75
2019-06-19,2464.25
2019-06-20,2464.0
2019-06-21,2433.5
2019-06-22,2461.875
2019-06-23,2461.875
2019-06-24,2490.25
2019-06-25,2534.0
2019-06-26,2501.75
2019-06-27,2488.75
2019-06-28,2492.25
2019-06-29,2476.5
2019-06-30,2476.5
2019-07-01,2460.75
2019-07-02,2468.75
2019-07-03,2448.5
2019-07-04,2426.5
2019-07-05,2410.0
2019-07-06,2396.0
2019-07-07,2396.0
2019-07-08,2382.0
2019-07-09,2368.25
2019-07-10,2406.5
2019-07-11,2394.0
2019-07-12,2436.0
2019-07-13,2438.5
2019-07-14,2438.5
2019-07-15,2441.0
2019-07-16,2466.75
2019-07-17,2473.5
2019-07-18,2456.0
2019-07-19,2424.25
2019-07-20,2425.875
2019-07-21,2425.875
2019-07-22,2427.5
2019-07-23,2444.25
2019-07-24,2454.75
2019-07-25,2426.75
2019-07-26,2440.75
2019-07-27,2450.875
2019-07-28,2450.875
2019-07-29,2461.0
2019-07-30,2444.5
2019-07-31,2439.75
2019-08-01,2394.75
2019-08-02,2353.25
2019-08-03,2337.0
2019-08-04,2337.0
2019-08-05,2320.75
2019-08-06,2305.75
2019-08-07,2275.25
2019-08-08,2304.0
2019-08-09,2238.0
2019-08-10,2255.5
2019-08-11,2255.5
2019-08-12,2273.0
2019-08-13,2330.0
2019-08-14,2270.75
2019-08-15,2262.75
2019-08-16,2266.5
2019-08-17,2261.75
2019-08-18,2261.75
2019-08-19,2257.0
2019-08-20,2233.0
2019-08-21,2286.5
2019-08-22,2241.0
2019-08-23,2245.0
2019-08-24,2262.0
2019-08-25,2262.0
2019-08-26,2262.0
2019-08-27,2279.0
2019-08-28,2267.75
2019-08-29,2255.25
2019-08-30,2219.0
2019-08-31,2230.125
2019-09-01,2230.125
2019-09-02,2241.25
2019-09-03,2209.75
2019-09-04,2314.0
2019-09-05,2332.5
2019-09-06,2322.0
2019-09-07,2313.875
2019-09-08,2313.875
2019-09-09,2305.75
2019-09-10,2343.5
2019-09-11,2353.5
2019-09-12,2341.25
2019-09-13,2391.0
2019-09-14,2373.5
2019-09-15,2373.5
2019-09-16,2356.0
2019-09-17,2341.5
2019-09-18,2322.75
2019-09-19,2317.5
2019-09-20,2293.25
2019-09-21,2312.375
2019-09-22,2312.375
2019-09-23,2331.5
2019-09-24,2282.0
2019-09-25,2290.0
2019-09-26,2302.0
2019-09-27,2303.5
2019-09-28,2340.75
2019-09-29,2340.75
2019-09-30,2378.0
2019-10-01,2305.0
2019-10-02,2318.0
2019-10-03,2295.0
2019-10-04,2300.0
2019-10-05,2294.5
2019-10-06,2294.5
2019-10-07,2289.0
2019-10-08,2298.0
2019-10-09,2291.0
2019-10-10,2388.0
2019-10-11,2419.0
2019-10-12,2419.5
2019-10-13,2419.5
2019-10-14,2420.0
2019-10-15,2438.0
2019-10-16,2434.0
2019-10-17,2439.0
2019-10-18,2454.0
2019-10-19,2463.5
2019-10-20,2463.5
2019-10-21,2473.0
2019-10-22,2467.5
2019-10-23,2468.0
2019-10-24,2491.0
2019-10-25,2510.0
2019-10-26,2526.75
2019-10-27,2526.75
2019-10-28,2543.5
2019-10-29,2544.0
2019-10-30,2529.0
2019-10-31,2482.5
2019-11-01,2520.0
2019-11-02,2529.5
2019-11-03,2529.5
2019-11-04,2539.0
2019-11-05,2498.0
2019-11-06,2475.0
2019-11-07,2485.0
2019-11-08,2482.0
2019-11-09,2489.25
2019-11-10,2489.25
2019-11-11,2496.5
2019-11-12,2472.0
2019-11-13,2422.0
2019-11-14,2396.0
2019-11-15,2380.0
2019-11-16,2362.0
2019-11-17,2362.0
2019-11-18,2344.0
2019-11-19,2344.0
2019-11-20,2313.0
2019-11-21,2293.0
2019-11-22,2305.0
2019-11-23,2293.0
2019-11-24,2293.0
2019-11-25,2281.0
2019-11-26,2299.0
2019-11-27,2297.0
2019-11-28,2278.0
2019-11-29,2273.5
2019-11-30,2258.25
2019-12-01,2258.25
2019-12-02,2243.0
2019-12-03,2202.0
2019-12-04,2246.0
2019-12-05,2234.0
2019-12-06,2238.0
2019-12-07,2238.5
2019-12-08,2238.5
2019-12-09,2239.0
2019-12-10,2227.5
2019-12-11,2222.0
2019-12-12,2263.0
2019-12-13,2253.0
2019-12-14,2272.0
2019-12-15,2272.0
2019-12-16,2291.0
2019-12-17,2281.5
2019-12-18,2301.0
2019-12-19,2325.0
2019-12-20,2341.0
2019-12-21,2316.0
2019-12-22,2316.0
2019-12-23,2291.0
2019-12-24,2274.0
2019-12-25,2289.5
2019-12-26,2289.5
2019-12-27,2305.0
2019-12-28,2305.5
2019-12-29,2305.5
2019-12-30,2306.0
2019-12-31,2272.0
2020-01-01,2291.0
2020-01-02,2310.0
2020-01-03,2306.0
2020-01-04,2315.25
2020-01-05,2315.25
2020-01-06,2324.5
2020-01-07,2346.0
2020-01-08,2403.0
2020-01-09,2377.0
2020-01-10,2378.0
2020-01-11,2378.0
2020-01-12,2378.0
2020-01-13,2378.0
2020-01-14,2373.5
2020-01-15,2385.0
2020-01-16,2422.0
2020-01-17,2429.5
2020-01-18,2436.75
2020-01-19,2436.75
2020-01-20,2444.0
2020-01-21,2454.5
2020-01-22,2396.0
2020-01-23,2344.0
2020-01-24,2341.0
2020-01-25,2290.5
2020-01-26,2290.5
2020-01-27,2240.0
2020-01-28,2230.0
2020-01-29,2211.0
2020-01-30,2188.0
2020-01-31,2200.0
2020-02-01,2173.0
2020-02-02,2173.0
2020-02-03,2146.0
2020-02-04,2166.5
2020-02-05,2213.0
2020-02-06,2207.0
2020-02-07,2145.0
2020-02-08,2139.5
2020-02-09,2139.5
2020-02-10,2134.0
2020-02-11,2148.0
2020-02-12,2148.0
2020-02-13,2175.0
2020-02-14,2149.0
2020-02-15,2160.5
2020-02-16,2160.5
2020-02-17,2172.0
2020-02-18,2145.0
2020-02-19,2128.0
2020-02-20,2112.0
2020-02-21,2115.0
2020-02-22,2080.5
2020-02-23,2080.5
2020-02-24,2046.0
2020-02-25,2029.0
2020-02-26,2046.0
2020-02-27,2012.0
2020-02-28,2021.5
2020-02-29,2022.25
2020-03-01,2022.25
2020-03-02,2023.0
2020-03-03,1975.5
2020-03-04,1982.0
2020-03-05,2011.0
2020-03-06,1984.0
2020-03-07,1981.5
2020-03-08,1981.5
2020-03-09,1979.0
2020-03-10,1976.0
2020-03-11,1987.0
2020-03-12,1938.0
2020-03-13,1985.0
2020-03-14,1963.5
2020-03-15,1963.5
2020-03-16,1942.0
2020-03-17,1871.0
2020-03-18,1846.0
2020-03-19,1847.0
2020-03-20,1848.0
2020-03-21,1833.25
2020-03-22,1833.25
2020-03-23,1818.5
2020-03-24,1815.5
2020-03-25,1836.0
2020-03-26,1860.0
2020-03-27,1878.0
2020-03-28,1875.0
2020-03-29,1875.0
2020-03-30,1872.0
2020-03-31,1905.5
2020-04-01,1870.5
2020-04-02,1887.5
2020-04-03,1882.0
2020-04-04,1893.25
2020-04-05,1893.25
2020-04-06,1904.5
2020-04-07,1924.0
2020-04-08,1923.0
2020-04-09,1901.0
2020-04-10,1911.75
2020-04-11,1911.75
2020-04-12,1911.75
2020-04-13,1911.75
2020-04-14,1922.5
2020-04-15,1931.0
2020-04-16,1938.0
2020-04-17,1958.0
2020-04-18,1952.5
2020-04-19,1952.5
2020-04-20,1947.0
2020-04-21,1911.0
2020-04-22,1895.5
2020-04-23,1872.5
2020-04-24,1883.0
2020-04-25,1894.0
2020-04-26,1894.0
2020-04-27,1905.0
2020-04-28,1930.5
2020-04-29,1946.5
2020-04-30,1939.5
2020-05-01,1913.5
2020-05-02,1906.5
2020-05-03,1906.5
2020-05-04,1899.5
2020-05-05,1918.0
2020-05-06,1975.0
2020-05-07,2003.5
2020-05-08,2016.0
2020-05-09,2016.0
2020-05-10,2016.0
2020-05-11,2028.5
2020-05-12,2005.0
2020-05-13,1975.0
2020-05-14,1957.0
2020-05-15,1961.5
2020-05-16,1992.75
2020-05-17,1992.75
2020-05-18,2024.0
2020-05-19,2033.5
2020-05-20,2036.5
2020-05-21,1983.5
2020-05-22,1985.5
2020-05-23,1983.75
2020-05-24,1983.75
2020-05-25,1983.75
2020-05-26,1982.0
2020-05-27,1920.5
2020-05-28,1934.5
2020-05-29,1988.0
2020-05-30,2005.0
2020-05-31,2005.0
2020-06-01,2022.0
2020-06-02,2019.5
2020-06-03,2021.5
2020-06-04,2033.0
2020-06-05,2052.5
2020-06-06,2047.25
2020-06-07,2047.25
2020-06-08,2042.0
2020-06-09,2017.5
2020-06-10,2020.5
2020-06-11,2007.0
2020-06-12,1977.0
2020-06-13,1979.75
2020-06-14,1979.75
2020-06-15,1982.5
2020-06-16,1995.5
2020-06-17,2019.5
2020-06-18,2052.0
2020-06-19,2082.0
2020-06-20,2084.75
2020-06-21,2084.75
2020-06-22,2087.5
2020-06-23,2040.0
2020-06-24,2036.5
2020-06-25,2050.0
2020-06-26,2038.5
2020-06-27,2050.0
2020-06-28,2050.0
2020-06-29,2061.5
2020-06-30,2047.5
2020-07-01,2041.5
2020-07-02,2044.5
2020-07-03,2026.0
2020-07-04,2044.5
2020-07-05,2044.5
2020-07-06,2063.0
2020-07-07,2070.0
2020-07-08,2131.0
2020-07-09,2156.0
2020-07-10,2193.5
2020-07-11,2227.5
2020-07-12,2227.5
2020-07-13,2261.5
2020-07-14,2194.5
2020-07-15,2200.5
2020-07-16,2225.5
2020-07-17,2182.5
2020-07-18,2191.5
2020-07-19,2191.5
2020-07-20,2200.5
2020-07-21,2245.0
2020-07-22,2213.0
2020-07-23,2239.5
2020-07-24,2218.0
2020-07-25,2227.5
2020-07-26,2227.5
2020-07-27,2237.0
2020-07-28,2246.5
2020-07-29,2297.0
2020-07-30,2286.5
2020-07-31,2318.5
2020-08-01,2321.25
2020-08-02,2321.25
2020-08-03,2324.0
2020-08-04,2339.5
2020-08-05,2409.0
2020-08-06,2412.0
2020-08-07,2404.0
2020-08-08,2400.5
2020-08-09,2400.5
2020-08-10,2397.0
2020-08-11,2410.0
2020-08-12,2401.0
2020-08-13,2375.0
2020-08-14,2367.5
2020-08-15,2404.75
2020-08-16,2404.75
2020-08-17,2442.0
2020-08-18,2458.5
2020-08-19,2505.0
2020-08-20,2489.0
2020-08-21,2456.0
2020-08-22,2450.75
2020-08-23,2450.75
2020-08-24,2445.5
2020-08-25,2482.0
2020-08-26,2467.0
2020-08-27,2485.5
2020-08-28,2515.0
2020-08-29,2534.0
2020-08-30,2534.0
2020-08-31,2534.0
2020-09-01,2553.0
2020-09-02,2533.5
2020-09-03,2514.0
2020-09-04,2483.0
2020-09-05,2496.25
2020-09-06,2496.25
2020-09-07,2509.5
2020-09-08,2417.0
2020-09-09,2423.0
2020-09-10,2416.5
2020-09-11,2471.0
2020-09-12,2475.75
2020-09-13,2475.75
2020-09-14,2480.5
2020-09-15,2496.5
2020-09-16,2528.0
2020-09-17,2514.0
2020-09-18,2538.0
2020-09-19,2498.25
2020-09-20,2498.25
2020-09-21,2458.5
2020-09-22,2464.5
2020-09-23,2404.0
2020-09-24,2370.0
2020-09-25,2369.0
2020-09-26,2400.5
2020-09-27,2400.5
2020-09-28,2432.0
2020-09-29,2424.5
2020-09-30,2403.0
2020-10-01,2326.5
2020-10-02,2327.0
2020-10-03,2326.75
2020-10-04,2326.75
2020-10-05,2326.5
2020-10-06,2363.0
2020-10-07,2357.0
2020-10-08,2365.0
2020-10-09,2434.0
2020-10-10,2437.0
2020-10-11,2437.0
2020-10-12,2440.0
2020-10-13,2417.0
2020-10-14,2417.0
2020-10-15,2425.5
2020-10-16,2436.0
2020-10-17,2463.5
2020-10-18,2463.5
2020-10-19,2491.0
2020-10-20,2529.5
2020-10-21,2568.5
2020-10-22,2578.5
2020-10-23,2558.5
2020-10-24,2549.0
2020-10-25,2549.0
2020-10-26,2539.5
2020-10-27,2545.0
2020-10-28,2529.0
2020-10-29,2531.5
2020-10-30,2523.0
2020-10-31,2531.75
2020-11-01,2531.75
2020-11-02,2540.5
2020-11-03,2566.5
2020-11-04,2593.5
2020-11-05,2615.5
2020-11-06,2634.5
2020-11-07,2638.0
2020-11-08,2638.0
2020-11-09,2641.5
2020-11-10,2645.0
2020-11-11,2624.0
2020-11-12,2626.0
2020-11-13,2629.0
2020-11-14,2654.25
2020-11-15,2654.25
2020-11-16,2679.5
2020-11-17,2689.5
2020-11-18,2747.0
2020-11-19,2759.0
2020-11-20,2793.5
2020-11-21,2761.5
2020-11-22,2761.5
2020-11-23,2729.5
2020-11-24,2757.0
2020-11-25,2754.5
2020-11-26,2760.5
2020-11-27,2795.0
2020-11-28,2792.75
2020-11-29,2792.75
2020-11-30,2790.5
2020-12-01,2770.0
2020-12-02,2747.5
2020-12-03,2756.0
2020-12-04,2757.0
2020-12-05,2771.75
2020-12-06,2771.75
2020-12-07,2786.5
2020-12-08,2799.5
2020-12-09,2855.5
2020-12-10,2867.0
2020-12-11,2795.0
2020-12-12,2815.5
2020-12-13,2815.5
2020-12-14,2836.0
2020-12-15,2814.5
2020-12-16,2832.0
2020-12-17,2856.0
2020-12-18,2872.5
2020-12-19,2853.5
2020-12-20,2853.5
2020-12-21,2834.5
2020-12-22,2775.0
2020-12-23,2819.0
2020-12-24,2842.5
2020-12-25,2802.25
2020-12-26,2802.25
2020-12-27,2802.25
2020-12-28,2802.25
2020-12-29,2762.0
2020-12-30,2784.5
2020-12-31,2751.0
2021-01-01,2771.5
2021-01-02,2771.5
2021-01-03,2771.5
2021-01-04,2792.0
2021-01-05,2813.0
2021-01-06,2860.0
2021-01-07,2888.0
2021-01-08,2813.5
2021-01-09,2790.5
2021-01-10,2790.5
2021-01-11,2767.5
2021-01-12,2778.0
2021-01-13,2773.5
2021-01-14,2757.0
2021-01-15,2699.0
2021-01-16,2690.75
2021-01-17,2690.75
2021-01-18,2682.5
2021-01-19,2686.0
2021-01-20,2728.0
2021-01-21,2709.0
2021-01-22,2715.0
2021-01-23,2710.25
2021-01-24,2710.25
2021-01-25,2705.5
2021-01-26,2656.5
2021-01-27,2583.5
2021-01-28,2592.5
2021-01-29,2579.5
2021-01-30,2575.0
2021-01-31,2575.0
2021-02-01,2570.5
2021-02-02,2569.5
2021-02-03,2615.0
2021-02-04,2627.0
2021-02-05,2665.5
2021-02-06,2658.25
2021-02-07,2658.25
2021-02-08,2651.0
2021-02-09,2695.5
2021-02-10,2725.0
2021-02-11,2789.5
2021-02-12,2834.0
2021-02-13,2838.25
2021-02-14,2838.25
2021-02-15,2842.5
2021-02-16,2827.5
2021-02-17,2816.0
2021-02-18,2855.5
2021-02-19,2881.0
2021-02-20,2890.0
2021-02-21,2890.0
2021-02-22,2899.0
2021-02-23,2854.5
2021-02-24,2846.5
2021-02-25,2890.0
2021-02-26,2792.5
2021-02-27,2804.25
2021-02-28,2804.25
2021-03-01,2816.0
2021-03-02,2851.0
2021-03-03,2787.0
2021-03-04,2748.5
2021-03-05,2773.5
2021-03-06,2777.75
2021-03-07,2777.75
2021-03-08,2782.0
2021-03-09,2777.5
2021-03-10,2764.0
2021-03-11,2823.0
2021-03-12,2804.0
2021-03-13,2831.25
2021-03-14,2831.25
2021-03-15,2858.5
2021-03-16,2810.0
2021-03-17,2827.0
2021-03-18,2792.0
2021-03-19,2837.0
2021-03-20,2851.5
2021-03-21,2851.5
2021-03-22,2866.0
2021-03-23,2838.5
2021-03-24,2800.5
2021-03-25,2771.0
2021-03-26,2830.5
2021-03-27,2830.0
2021-03-28,2830.0
2021-03-29,2829.5
2021-03-30,2810.0
2021-03-31,2818.5
2021-04-01,2774.5
2021-04-02,2799.25
2021-04-03,2799.25
2021-04-04,2799.25
2021-04-05,2799.25
2021-04-06,2824.0
2021-04-07,2832.5
2021-04-08,2854.5
2021-04-09,2829.5
2021-04-10,2793.75
2021-04-11,2793.75
2021-04-12,2758.0
2021-04-13,2785.5
2021-04-14,2823.0
2021-04-15,2864.5
2021-04-16,2856.0
2021-04-17,2851.0
2021-04-18,2851.0
2021-04-19,2846.0
2021-04-20,2814.0
2021-04-21,2815.0
2021-04-22,2822.5
2021-04-23,2852.0
2021-04-24,2883.5
2021-04-25,2883.5
2021-04-26,2915.0
2021-04-27,2925.5
2021-04-28,2919.5
2021-04-29,2919.0
2021-04-30,2926.0
2021-05-01,2947.0
2021-05-02,2947.0
2021-05-03,2947.0
2021-05-04,2968.0
2021-05-05,2933.0
2021-05-06,2943.5
2021-05-07,3015.0
2021-05-08,3003.25
2021-05-09,3003.25
2021-05-10,2991.5
2021-05-11,3009.0
2021-05-12,2969.0
2021-05-13,2920.0
2021-05-14,2938.0
2021-05-15,2976.0
2021-05-16,2976.0
2021-05-17,3014.0
2021-05-18,3057.0
2021-05-19,2939.0
2021-05-20,2959.5
2021-05-21,2971.0
2021-05-22,2959.75
2021-05-23,2959.75
2021-05-24,2948.5
2021-05-25,2982.5
2021-05-26,2968.5
2021-05-27,3061.0
2021-05-28,3060.0
2021-05-29,3062.0
2021-05-30,3062.0
2021-05-31,3062.0
2021-06-01,3064.0
2021-06-02,3082.5
2021-06-03,2984.5
2021-06-04,3010.5
2021-06-05,3005.0
2021-06-06,3005.0
2021-06-07,2999.5
2021-06-08,3016.5
2021-06-09,3019.0
2021-06-10,2995.0
2021-06-11,3044.5
2021-06-12,3044.5
2021-06-13,3044.5
2021-06-14,3044.5
2021-06-15,3029.0
2021-06-16,3024.0
2021-06-17,2911.5
2021-06-18,2822.5
2021-06-19,2829.75
2021-06-20,2829.75
2021-06-21,2837.0
2021-06-22,2861.5
2021-06-23,2893.0
2021-06-24,2916.0
2021-06-25,2907.5
2021-06-26,2906.25
2021-06-27,2906.25
2021-06-28,2905.0
2021-06-29,2950.5
2021-06-30,2974.5
2021-07-01,2938.5
2021-07-02,2935.0
2021-07-03,2940.25
2021-07-04,2940.25
2021-07-05,2945.5
2021-07-06,2934.5
2021-07-07,2958.5
2021-07-08,2933.5
2021-07-09,2977.0
2021-07-10,2963.25
2021-07-11,2963.25
2021-07-12,2949.5
2021-07-13,2934.5
2021-07-14,2925.5
2021-07-15,2968.5
2021-07-16,3003.0
2021-07-17,2990.0
2021-07-18,2990.0
2021-07-19,2977.0
2021-07-20,2962.0
2021-07-21,2929.0
2021-07-22,2938.5
2021-07-23,2963.0
2021-07-24,2987.0
2021-07-25,2987.0
2021-07-26,3011.0
2021-07-27,2982.5
2021-07-28,2979.5
2021-07-29,2998.0
2021-07-30,3027.0
2021-07-31,3038.75
2021-08-01,3038.75
2021-08-02,3050.5
2021-08-03,2969.5
2021-08-04,2973.5
2021-08-05,3028.5
2021-08-06,2983.5
2021-08-07,2967.5
2021-08-08,2967.5
2021-08-09,2951.5
2021-08-10,3000.0
2021-08-11,3043.5
2021-08-12,2992.5
2021-08-13,3033.5
2021-08-14,3032.25
2021-08-15,3032.25
2021-08-16,3031.0
2021-08-17,3015.0
2021-08-18,2985.0
2021-08-19,2951.5
2021-08-20,2928.5
2021-08-21,2928.75
2021-08-22,2928.75
2021-08-23,2929.0
2021-08-24,3018.0
2021-08-25,3026.0
2021-08-26,3002.0
2021-08-27,3002.0
2021-08-28,3002.75
2021-08-29,3002.75
2021-08-30,3002.75
2021-08-31,3003.5
2021-09-01,2981.5
2021-09-02,2979.0
2021-09-03,2996.5
2021-09-04,3002.0
2021-09-05,3002.0
2021-09-06,3007.5
2021-09-07,3044.0
2021-09-08,3062.0
2021-09-09,3075.5
2021-09-10,3119.0
2021-09-11,3101.75
2021-09-12,3101.75
2021-09-13,3084.5
2021-09-14,3052.0
2021-09-15,3075.5
2021-09-16,3082.0
2021-09-17,3088.0
2021-09-18,3051.0
2021-09-19,3051.0
2021-09-20,3014.0
2021-09-21,2978.0
2021-09-22,3025.5
2021-09-23,3091.0
2021-09-24,3128.5
2021-09-25,3098.0
2021-09-26,3098.0
2021-09-27,3067.5
2021-09-28,3079.0
2021-09-29,3054.0
2021-09-30,2988.0
2021-10-01,2982.5
2021-10-02,2999.25
2021-10-03,2999.25
2021-10-04,3016.0
2021-10-05,3046.5
2021-10-06,3014.5
2021-10-07,3049.5
2021-10-08,3151.0
2021-10-09,3190.5
2021-10-10,3190.5
2021-10-11,3230.0
2021-10-12,3263.0
2021-10-13,3401.5
2021-10-14,3528.5
2021-10-15,3794.5
2021-10-16,3745.5
2021-10-17,3745.5
2021-10-18,3696.5
2021-10-19,3508.0
2021-10-20,3563.5
2021-10-21,3429.5
2021-10-22,3447.5
2021-10-23,3453.5
2021-10-24,3453.5
2021-10-25,3459.5
2021-10-26,3425.0
2021-10-27,3335.0
2021-10-28,3372.0
2021-10-29,3378.5
2021-10-30,3368.0
2021-10-31,3368.0
2021-11-01,3357.5
2021-11-02,3342.5
2021-11-03,3307.0
2021-11-04,3240.5
2021-11-05,3228.5
2021-11-06,3249.75
2021-11-07,3249.75
2021-11-08,3271.0
2021-11-09,3281.5
2021-11-10,3292.0
2021-11-11,3279.0
2021-11-12,3267.5
2021-11-13,3242.25
2021-11-14,3242.25
2021-11-15,3217.0
2021-11-16,3223.0
2021-11-17,3192.0
2021-11-18,3159.0
2021-11-19,3238.0
2021-11-20,3293.25
2021-11-21,3293.25
2021-11-22,3348.5
2021-11-23,3301.0
2021-11-24,3322.0
2021-11-25,3300.5
2021-11-26,3194.0
2021-11-27,3196.0
2021-11-28,3196.0
2021-11-29,3198.0
2021-11-30,3200.5
2021-12-01,3202.5
2021-12-02,3146.0
2021-12-03,3161.5
2021-12-04,3162.0
2021-12-05,3162.0
2021-12-06,3162.5
2021-12-07,3226.5
2021-12-08,3310.0
2021-12-09,3310.0
2021-12-10,3328.5
2021-12-11,3326.75
2021-12-12,3326.75
2021-12-13,3325.0
2021-12-14,3304.5
2021-12-15,3271.5
2021-12-16,3422.0
2021-12-17,3387.0
2021-12-18,3370.75
2021-12-19,3370.75
2021-12-20,3354.5
2021-12-21,3427.5
2021-12-22,3531.5
2021-12-23,3527.0
2021-12-24,3519.0
2021-12-25,3516.0
2021-12-26,3516.0
2021-12-27,3516.0
2021-12-28,3516.0
2021-12-29,3513.0
2021-12-30,3532.5
2021-12-31,3534.0
2022-01-01,3569.0
2022-01-02,3569.0
2022-01-03,3569.0
2022-01-04,3604.0
2022-01-05,3588.0
2022-01-06,3550.0
2022-01-07,3533.0
2022-01-08,3505.0
2022-01-09,3505.0
2022-01-10,3477.0
2022-01-11,3556.0
2022-01-12,3552.0
2022-01-13,3563.5
2022-01-14,3521.0
2022-01-15,3514.5
2022-01-16,3514.5
2022-01-17,3508.0
2022-01-18,3567.0
2022-01-19,3581.5
2022-01-20,3649.5
2022-01-21,3635.0
2022-01-22,3615.25
2022-01-23,3615.25
2022-01-24,3595.5
2022-01-25,3572.5
2022-01-26,3610.0
2022-01-27,3630.5
2022-01-28,3609.5
2022-01-29,3597.75
2022-01-30,3597.75
2022-01-31,3586.0
2022-02-01,3602.5
2022-02-02,3610.0
2022-02-03,3596.5
2022-02-04,3612.5
2022-02-05,3618.75
2022-02-06,3618.75
2022-02-07,3625.0
2022-02-08,3593.0
2022-02-09,3644.5
2022-02-10,3703.0
2022-02-11,3626.5
2022-02-12,3600.5
2022-02-13,3600.5
2022-02-14,3574.5
2022-02-15,3582.0
2022-02-16,3584.0
2022-02-17,3606.0
2022-02-18,3575.5
2022-02-19,3566.75
2022-02-20,3566.75
2022-02-21,3558.0
2022-02-22,3605.0
2022-02-23,3571.5
2022-02-24,3641.0
2022-02-25,3621.5
2022-02-26,3643.75
2022-02-27,3643.75
2022-02-28,3666.0
2022-03-01,3746.0
2022-03-02,3861.0
2022-03-03,3920.5
2022-03-04,4051.0
2022-03-05,4081.75
2022-03-06,4081.75
2022-03-07,4112.5
2022-03-08,4135.5
2022-03-09,3940.0
2022-03-10,3863.0
2022-03-11,3815.0
2022-03-12,3812.0
2022-03-13,3812.0
2022-03-14,3809.0
2022-03-15,3798.0
2022-03-16,3808.5
2022-03-17,3825.5
2022-03-18,3826.0
2022-03-19,3883.0
2022-03-20,3883.0
2022-03-21,3940.0
2022-03-22,3888.0
2022-03-23,4100.0
2022-03-24,4039.0
2022-03-25,4066.5
2022-03-26,4077.0
2022-03-27,4077.0
2022-03-28,4087.5
2022-03-29,4027.0
2022-03-30,4149.0
2022-03-31,4173.5
2022-04-01,4339.0
2022-04-02,4354.0
2022-04-03,4354.0
2022-04-04,4369.0
2022-04-05,4296.5
2022-04-06,4274.0
2022-04-07,4188.0
2022-04-08,4254.5
2022-04-09,4272.25
2022-04-10,4272.25
2022-04-11,4290.0
2022-04-12,4376.0
2022-04-13,4461.5
2022-04-14,4412.0
2022-04-15,4455.25
2022-04-16,4455.25
2022-04-17,4455.25
2022-04-18,4455.25
2022-04-19,4498.5
2022-04-20,4418.0
2022-04-21,4450.0
2022-04-22,4434.5
2022-04-23,4301.5
2022-04-24,4301.5
2022-04-25,4168.5
2022-04-26,4183.5
2022-04-27,4219.5
2022-04-28,4136.5
2022-04-29,4107.0
2022-04-30,4034.25
2022-05-01,4034.25
2022-05-02,4034.25
2022-05-03,3961.5
2022-05-04,3965.0
2022-05-05,3904.5
2022-05-06,3772.0
2022-05-07,3693.5
2022-05-08,3693.5
2022-05-09,3615.0
2022-05-10,3597.5
2022-05-11,3668.5
2022-05-12,3530.0
2022-05-13,3489.5
2022-05-14,3526.5
2022-05-15,3526.5
2022-05-16,3563.5
2022-05-17,3661.5
2022-05-18,3620.0
2022-05-19,3714.5
2022-05-20,3707.0
2022-05-21,3746.5
2022-05-22,3746.5
2022-05-23,3786.0
2022-05-24,3790.5
2022-05-25,3750.5
2022-05-26,3735.5
2022-05-27,3843.5
2022-05-28,3872.0
2022-05-29,3872.0
2022-05-30,3900.5
2022-05-31,3913.5
2022-06-01,3864.5
2022-06-02,3868.75
2022-06-03,3868.75
2022-06-04,3868.75
2022-06-05,3868.75
2022-06-06,3873.0
2022-06-07,3797.0
2022-06-08,3821.5
2022-06-09,3762.0
2022-06-10,3692.5
2022-06-11,3653.0
2022-06-12,3653.0
2022-06-13,3613.5
2022-06-14,3596.5
2022-06-15,3643.0
2022-06-16,3577.5
2022-06-17,3523.5
2022-06-18,3520.5
2022-06-19,3520.5
2022-06-20,3517.5
2022-06-21,3592.0
2022-06-22,3536.5
2022-06-23,3491.5
2022-06-24,3350.0
2022-06-25,3334.0
2022-06-26,3334.0
2022-06-27,3318.0
2022-06-28,3333.0
2022-06-29,3360.0
2022-06-30,3157.0
2022-07-01,3029.0
2022-07-02,3073.5
2022-07-03,3073.5
2022-07-04,3118.0
2022-07-05,2992.0
2022-07-06,2998.0
2022-07-07,3110.0
2022-07-08,3099.0
2022-07-09,3074.25
2022-07-10,3074.25
2022-07-11,3049.5
2022-07-12,3019.5
2022-07-13,2933.5
2022-07-14,2866.5
2022-07-15,2931.5
2022-07-16,2962.0
2022-07-17,2962.0
2022-07-18,2992.5
2022-07-19,2948.5
2022-07-20,3001.5
2022-07-21,2953.5
2022-07-22,2993.5
2022-07-23,2991.5
2022-07-24,2991.5
2022-07-25,2989.5
2022-07-26,3034.5
2022-07-27,3037.5
2022-07-28,3160.0
2022-07-29,3308.5
2022-07-30,3318.25
2022-07-31,3318.25
2022-08-01,3328.0
2022-08-02,3312.0
2022-08-03,3277.0
2022-08-04,3450.5
2022-08-05,3488.5
2022-08-06,3467.0
2022-08-07,3467.0
2022-08-08,3445.5
2022-08-09,3536.5
2022-08-10,3608.5
2022-08-11,3686.5
2022-08-12,3589.0
2022-08-13,3576.25
2022-08-14,3576.25
2022-08-15,3563.5
2022-08-16,3672.0
2022-08-17,3513.5
2022-08-18,3472.5
2022-08-19,3487.5
2022-08-20,3492.25
2022-08-21,3492.25
2022-08-22,3497.0
2022-08-23,3484.5
2022-08-24,3513.5
2022-08-25,3548.0
2022-08-26,3565.5
2022-08-27,3523.75
2022-08-28,3523.75
2022-08-29,3523.75
2022-08-30,3482.0
2022-08-31,3459.5
2022-09-01,3259.5
2022-09-02,3135.5
2022-09-03,3166.5
2022-09-04,3166.5
2022-09-05,3197.5
2022-09-06,3166.5
2022-09-07,3123.5
2022-09-08,3154.0
2022-09-09,3167.5
2022-09-10,3182.0
2022-09-11,3182.0
2022-09-12,3196.5
2022-09-13,3227.0
2022-09-14,3229.5
2022-09-15,3186.5
2022-09-16,3153.5
2022-09-17,3147.0
2022-09-18,3147.0
2022-09-19,3140.5
2022-09-20,3128.5
2022-09-21,3098.5
2022-09-22,3106.5
2022-09-23,3008.0
2022-09-24,2966.0
2022-09-25,2966.0
2022-09-26,2924.0
2022-09-27,2861.5
2022-09-28,2853.0
2022-09-29,2929.5
2022-09-30,2968.0
2022-10-01,2964.25
2022-10-02,2964.25
2022-10-03,2960.5
2022-10-04,3047.0
2022-10-05,3044.0
2022-10-06,3120.5
2022-10-07,2991.5
2022-10-08,2977.75
2022-10-09,2977.75
2022-10-10,2964.0
2022-10-11,2928.5
2022-10-12,2908.5
2022-10-13,2901.0
2022-10-14,2941.0
2022-10-15,2903.75
2022-10-16,2903.75
2022-10-17,2866.5
2022-10-18,2863.5
2022-10-19,2899.0
2022-10-20,2964.0
2022-10-21,2928.0
2022-10-22,2943.0
2022-10-23,2943.0
2022-10-24,2958.0
2022-10-25,2905.0
2022-10-26,2948.5
2022-10-27,2942.0
2022-10-28,2821.5
2022-10-29,2759.25
2022-10-30,2759.25
2022-10-31,2697.0
2022-11-01,2743.5
2022-11-02,2748.5
2022-11-03,2720.0
2022-11-04,2874.0
2022-11-05,2880.0
2022-11-06,2880.0
2022-11-07,2886.0
2022-11-08,2931.0
2022-11-09,2853.5
2022-11-10,2884.0
2022-11-11,3024.5
2022-11-12,3078.0
2022-11-13,3078.0
2022-11-14,3131.5
2022-11-15,3111.5
2022-11-16,3053.5
2022-11-17,2987.0
2022-11-18,3031.0
2022-11-19,2968.5
2022-11-20,2968.5
2022-11-21,2906.0
2022-11-22,2914.5
2022-11-23,2906.5
2022-11-24,2918.0
2022-11-25,2920.5
2022-11-26,2928.75
2022-11-27,2928.75
2022-11-28,2937.0
2022-11-29,2934.5
2022-11-30,3037.5
2022-12-01,3079.5
2022-12-02,3079.0
2022-12-03,3102.5
2022-12-04,3102.5
2022-12-05,3126.0
2022-12-06,3156.0
2022-12-07,3183.0
2022-12-08,3236.5
2022-12-09,3240.5
2022-12-10,3255.0
2022-12-11,3255.0
2022-12-12,3269.5
2022-12-13,3318.5
2022-12-14,3238.5
2022-12-15,3160.0
2022-12-16,3018.0
2022-12-17,3015.0
2022-12-18,3015.0
2022-12-19,3012.0
2022-12-20,3082.5
2022-12-21,3009.5
2022-12-22,2948.0
2022-12-23,2965.0
2022-12-24,2985.25
2022-12-25,2985.25
2022-12-26,2985.25
2022-12-27,2985.25
2022-12-28,3005.5
2022-12-29,2984.5
2022-12-30,2972.5
2022-12-31,2987.25
2023-01-01,2987.25
2023-01-02,2987.25
2023-01-03,3002.0
2023-01-04,2992.0
2023-01-05,3005.0
2023-01-06,3023.5
2023-01-07,3114.5
2023-01-08,3114.5
2023-01-09,3205.5
2023-01-10,3160.5
2023-01-11,3207.0
2023-01-12,3235.5
2023-01-13,3324.0
2023-01-14,3314.25
2023-01-15,3314.25
2023-01-16,3304.5
2023-01-17,3295.0
2023-01-18,3405.0
2023-01-19,3457.5
2023-01-20,3420.5
2023-01-21,3420.5
2023-01-22,3420.5
2023-01-23,3420.5
2023-01-24,3429.0
2023-01-25,3450.0
2023-01-26,3486.5
2023-01-27,3413.5
2023-01-28,3429.75
2023-01-29,3429.75
2023-01-30,3446.0
2023-01-31,3389.0
2023-02-01,3349.5
2023-02-02,3382.5
2023-02-03,3241.5
2023-02-04,3186.25
2023-02-05,3186.25
2023-02-06,3131.0
2023-02-07,3136.5
2023-02-08,3132.0
2023-02-09,3123.0
2023-02-10,3042.5
2023-02-11,3070.0
2023-02-12,3070.0
2023-02-13,3097.5
2023-02-14,3082.5
2023-02-15,3018.5
2023-02-16,3003.5
2023-02-17,3058.0
2023-02-18,3092.0
2023-02-19,3092.0
2023-02-20,3126.0
2023-02-21,3135.5
2023-02-22,3057.0
2023-02-23,3034.5
2023-02-24,2964.0
2023-02-25,2976.25
2023-02-26,2976.25
2023-02-27,2988.5
2023-02-28,3000.5
2023-03-01,3115.5
2023-03-02,3048.0
2023-03-03,3077.5
2023-03-04,3055.0
2023-03-05,3055.0
2023-03-06,3032.5
2023-03-07,2954.0
2023-03-08,2975.0
2023-03-09,2974.0
2023-03-10,2937.0
2023-03-11,2941.75
2023-03-12,2941.75
2023-03-13,2946.5
2023-03-14,2909.5
2023-03-15,2866.0
2023-03-16,2857.5
2023-03-17,2895.0
2023-03-18,2890.25
2023-03-19,2890.25
2023-03-20,2885.5
2023-03-21,2864.5
2023-03-22,2866.0
2023-03-23,2907.0
2023-03-24,2891.5
2023-03-25,2901.75
2023-03-26,2901.75
2023-03-27,2912.0
2023-03-28,2936.5
2023-03-29,2968.0
2023-03-30,2932.0
2023-03-31,2922.5
2023-04-01,2910.5
2023-04-02,2910.5
2023-04-03,2898.5
2023-04-04,2831.5
2023-04-05,2789.5
2023-04-06,2779.0
2023-04-07,2768.25
2023-04-08,2768.25
2023-04-09,2768.25
2023-04-10,2768.25
2023-04-11,2757.5
2023-04-12,2785.0
2023-04-13,2837.0
2023-04-14,2856.5
2023-04-15,2844.25
2023-04-16,2844.25
2023-04-17,2832.0
2023-04-18,2871.0
2023-04-19,2790.0
2023-04-20,2770.0
2023-04-21,2719.0
